This is pdfTeX, Version 3.141592653-2.6-1.40.28 (TeX Live 2025) (preloaded format=pdflatex 2026.2.4)  7 APR 2026 01:22
entering extended mode
 restricted \write18 enabled.
 %&-line parsing enabled.
**phystech_12lecture.tex
(./phystech_12lecture.tex
LaTeX2e <2025-11-01>
L3 programming layer <2026-01-19>
(./preamble.tex (c:/texlive/2025/texmf-dist/tex/latex/base/article.cls
Document Class: article 2025/01/22 v1.4n Standard LaTeX document class
(c:/texlive/2025/texmf-dist/tex/latex/base/size12.clo
File: size12.clo 2025/01/22 v1.4n Standard LaTeX file (size option)
)
\c@part=\count275
\c@section=\count276
\c@subsection=\count277
\c@subsubsection=\count278
\c@paragraph=\count279
\c@subparagraph=\count280
\c@figure=\count281
\c@table=\count282
\abovecaptionskip=\skip49
\belowcaptionskip=\skip50
\bibindent=\dimen148
)
(c:/texlive/2025/texmf-dist/tex/latex/cmap/cmap.sty
Package: cmap 2021/02/06 v1.0j CMap support: searchable PDF
)
(c:/texlive/2025/texmf-dist/tex/latex/t2/mathtext.sty
Package: mathtext 2018/04/14 v1.0 transparent text-and-math defs
LaTeX Info: Redefining \halign on input line 121.
)
(c:/texlive/2025/texmf-dist/tex/latex/base/fontenc.sty
Package: fontenc 2025/07/18 v2.1d Standard LaTeX package

(c:/texlive/2025/texmf-dist/tex/latex/cyrillic/t2aenc.def
File: t2aenc.def 2023/11/07 v1.0k Cyrillic encoding definition file
Now handling font encoding T2A ...
... processing UTF-8 mapping file for font encoding T2A

(c:/texlive/2025/texmf-dist/tex/latex/base/t2aenc.dfu
File: t2aenc.dfu 2022/06/07 v1.3c UTF-8 support
   defining Unicode char U+00A4 (decimal 164)
   defining Unicode char U+00A7 (decimal 167)
   defining Unicode char U+00AB (decimal 171)
   defining Unicode char U+00BB (decimal 187)
   defining Unicode char U+0131 (decimal 305)
   defining Unicode char U+0237 (decimal 567)
   defining Unicode char U+0400 (decimal 1024)
   defining Unicode char U+0401 (decimal 1025)
   defining Unicode char U+0402 (decimal 1026)
   defining Unicode char U+0403 (decimal 1027)
   defining Unicode char U+0404 (decimal 1028)
   defining Unicode char U+0405 (decimal 1029)
   defining Unicode char U+0406 (decimal 1030)
   defining Unicode char U+0407 (decimal 1031)
   defining Unicode char U+0408 (decimal 1032)
   defining Unicode char U+0409 (decimal 1033)
   defining Unicode char U+040A (decimal 1034)
   defining Unicode char U+040B (decimal 1035)
   defining Unicode char U+040C (decimal 1036)
   defining Unicode char U+040D (decimal 1037)
   defining Unicode char U+040E (decimal 1038)
   defining Unicode char U+040F (decimal 1039)
   defining Unicode char U+0410 (decimal 1040)
   defining Unicode char U+0411 (decimal 1041)
   defining Unicode char U+0412 (decimal 1042)
   defining Unicode char U+0413 (decimal 1043)
   defining Unicode char U+0414 (decimal 1044)
   defining Unicode char U+0415 (decimal 1045)
   defining Unicode char U+0416 (decimal 1046)
   defining Unicode char U+0417 (decimal 1047)
   defining Unicode char U+0418 (decimal 1048)
   defining Unicode char U+0419 (decimal 1049)
   defining Unicode char U+041A (decimal 1050)
   defining Unicode char U+041B (decimal 1051)
   defining Unicode char U+041C (decimal 1052)
   defining Unicode char U+041D (decimal 1053)
   defining Unicode char U+041E (decimal 1054)
   defining Unicode char U+041F (decimal 1055)
   defining Unicode char U+0420 (decimal 1056)
   defining Unicode char U+0421 (decimal 1057)
   defining Unicode char U+0422 (decimal 1058)
   defining Unicode char U+0423 (decimal 1059)
   defining Unicode char U+0424 (decimal 1060)
   defining Unicode char U+0425 (decimal 1061)
   defining Unicode char U+0426 (decimal 1062)
   defining Unicode char U+0427 (decimal 1063)
   defining Unicode char U+0428 (decimal 1064)
   defining Unicode char U+0429 (decimal 1065)
   defining Unicode char U+042A (decimal 1066)
   defining Unicode char U+042B (decimal 1067)
   defining Unicode char U+042C (decimal 1068)
   defining Unicode char U+042D (decimal 1069)
   defining Unicode char U+042E (decimal 1070)
   defining Unicode char U+042F (decimal 1071)
   defining Unicode char U+0430 (decimal 1072)
   defining Unicode char U+0431 (decimal 1073)
   defining Unicode char U+0432 (decimal 1074)
   defining Unicode char U+0433 (decimal 1075)
   defining Unicode char U+0434 (decimal 1076)
   defining Unicode char U+0435 (decimal 1077)
   defining Unicode char U+0436 (decimal 1078)
   defining Unicode char U+0437 (decimal 1079)
   defining Unicode char U+0438 (decimal 1080)
   defining Unicode char U+0439 (decimal 1081)
   defining Unicode char U+043A (decimal 1082)
   defining Unicode char U+043B (decimal 1083)
   defining Unicode char U+043C (decimal 1084)
   defining Unicode char U+043D (decimal 1085)
   defining Unicode char U+043E (decimal 1086)
   defining Unicode char U+043F (decimal 1087)
   defining Unicode char U+0440 (decimal 1088)
   defining Unicode char U+0441 (decimal 1089)
   defining Unicode char U+0442 (decimal 1090)
   defining Unicode char U+0443 (decimal 1091)
   defining Unicode char U+0444 (decimal 1092)
   defining Unicode char U+0445 (decimal 1093)
   defining Unicode char U+0446 (decimal 1094)
   defining Unicode char U+0447 (decimal 1095)
   defining Unicode char U+0448 (decimal 1096)
   defining Unicode char U+0449 (decimal 1097)
   defining Unicode char U+044A (decimal 1098)
   defining Unicode char U+044B (decimal 1099)
   defining Unicode char U+044C (decimal 1100)
   defining Unicode char U+044D (decimal 1101)
   defining Unicode char U+044E (decimal 1102)
   defining Unicode char U+044F (decimal 1103)
   defining Unicode char U+0450 (decimal 1104)
   defining Unicode char U+0451 (decimal 1105)
   defining Unicode char U+0452 (decimal 1106)
   defining Unicode char U+0453 (decimal 1107)
   defining Unicode char U+0454 (decimal 1108)
   defining Unicode char U+0455 (decimal 1109)
   defining Unicode char U+0456 (decimal 1110)
   defining Unicode char U+0457 (decimal 1111)
   defining Unicode char U+0458 (decimal 1112)
   defining Unicode char U+0459 (decimal 1113)
   defining Unicode char U+045A (decimal 1114)
   defining Unicode char U+045B (decimal 1115)
   defining Unicode char U+045C (decimal 1116)
   defining Unicode char U+045D (decimal 1117)
   defining Unicode char U+045E (decimal 1118)
   defining Unicode char U+045F (decimal 1119)
   defining Unicode char U+0490 (decimal 1168)
   defining Unicode char U+0491 (decimal 1169)
   defining Unicode char U+0492 (decimal 1170)
   defining Unicode char U+0493 (decimal 1171)
   defining Unicode char U+0496 (decimal 1174)
   defining Unicode char U+0497 (decimal 1175)
   defining Unicode char U+0498 (decimal 1176)
   defining Unicode char U+0499 (decimal 1177)
   defining Unicode char U+049A (decimal 1178)
   defining Unicode char U+049B (decimal 1179)
   defining Unicode char U+049C (decimal 1180)
   defining Unicode char U+049D (decimal 1181)
   defining Unicode char U+04A0 (decimal 1184)
   defining Unicode char U+04A1 (decimal 1185)
   defining Unicode char U+04A2 (decimal 1186)
   defining Unicode char U+04A3 (decimal 1187)
   defining Unicode char U+04A4 (decimal 1188)
   defining Unicode char U+04A5 (decimal 1189)
   defining Unicode char U+04AA (decimal 1194)
   defining Unicode char U+04AB (decimal 1195)
   defining Unicode char U+04AE (decimal 1198)
   defining Unicode char U+04AF (decimal 1199)
   defining Unicode char U+04B0 (decimal 1200)
   defining Unicode char U+04B1 (decimal 1201)
   defining Unicode char U+04B2 (decimal 1202)
   defining Unicode char U+04B3 (decimal 1203)
   defining Unicode char U+04B6 (decimal 1206)
   defining Unicode char U+04B7 (decimal 1207)
   defining Unicode char U+04B8 (decimal 1208)
   defining Unicode char U+04B9 (decimal 1209)
   defining Unicode char U+04BA (decimal 1210)
   defining Unicode char U+04BB (decimal 1211)
   defining Unicode char U+04C0 (decimal 1216)
   defining Unicode char U+04C1 (decimal 1217)
   defining Unicode char U+04C2 (decimal 1218)
   defining Unicode char U+04D0 (decimal 1232)
   defining Unicode char U+04D1 (decimal 1233)
   defining Unicode char U+04D2 (decimal 1234)
   defining Unicode char U+04D3 (decimal 1235)
   defining Unicode char U+04D4 (decimal 1236)
   defining Unicode char U+04D5 (decimal 1237)
   defining Unicode char U+04D6 (decimal 1238)
   defining Unicode char U+04D7 (decimal 1239)
   defining Unicode char U+04D8 (decimal 1240)
   defining Unicode char U+04D9 (decimal 1241)
   defining Unicode char U+04DA (decimal 1242)
   defining Unicode char U+04DB (decimal 1243)
   defining Unicode char U+04DC (decimal 1244)
   defining Unicode char U+04DD (decimal 1245)
   defining Unicode char U+04DE (decimal 1246)
   defining Unicode char U+04DF (decimal 1247)
   defining Unicode char U+04E2 (decimal 1250)
   defining Unicode char U+04E3 (decimal 1251)
   defining Unicode char U+04E4 (decimal 1252)
   defining Unicode char U+04E5 (decimal 1253)
   defining Unicode char U+04E6 (decimal 1254)
   defining Unicode char U+04E7 (decimal 1255)
   defining Unicode char U+04E8 (decimal 1256)
   defining Unicode char U+04E9 (decimal 1257)
   defining Unicode char U+04EC (decimal 1260)
   defining Unicode char U+04ED (decimal 1261)
   defining Unicode char U+04EE (decimal 1262)
   defining Unicode char U+04EF (decimal 1263)
   defining Unicode char U+04F0 (decimal 1264)
   defining Unicode char U+04F1 (decimal 1265)
   defining Unicode char U+04F2 (decimal 1266)
   defining Unicode char U+04F3 (decimal 1267)
   defining Unicode char U+04F4 (decimal 1268)
   defining Unicode char U+04F5 (decimal 1269)
   defining Unicode char U+04F8 (decimal 1272)
   defining Unicode char U+04F9 (decimal 1273)
   defining Unicode char U+200C (decimal 8204)
   defining Unicode char U+2013 (decimal 8211)
   defining Unicode char U+2014 (decimal 8212)
   defining Unicode char U+2018 (decimal 8216)
   defining Unicode char U+2019 (decimal 8217)
   defining Unicode char U+201C (decimal 8220)
   defining Unicode char U+201D (decimal 8221)
   defining Unicode char U+201E (decimal 8222)
   defining Unicode char U+2030 (decimal 8240)
   defining Unicode char U+2031 (decimal 8241)
   defining Unicode char U+2116 (decimal 8470)
   defining Unicode char U+2329 (decimal 9001)
   defining Unicode char U+3008 (decimal 12296)
   defining Unicode char U+232A (decimal 9002)
   defining Unicode char U+3009 (decimal 12297)
   defining Unicode char U+2423 (decimal 9251)
   defining Unicode char U+27E8 (decimal 10216)
   defining Unicode char U+27E9 (decimal 10217)
   defining Unicode char U+FB00 (decimal 64256)
   defining Unicode char U+FB01 (decimal 64257)
   defining Unicode char U+FB02 (decimal 64258)
   defining Unicode char U+FB03 (decimal 64259)
   defining Unicode char U+FB04 (decimal 64260)
   defining Unicode char U+FB05 (decimal 64261)
   defining Unicode char U+FB06 (decimal 64262)
)
\symT2Aletters=\mathgroup4
)
LaTeX Font Info:    Trying to load font information for T2A+cmr on input line 1
16.

(c:/texlive/2025/texmf-dist/tex/latex/cyrillic/t2acmr.fd
File: t2acmr.fd 2001/08/11 v1.0a Computer Modern Cyrillic font definitions
)<<t2a.cmap>>)
(c:/texlive/2025/texmf-dist/tex/latex/base/inputenc.sty
Package: inputenc 2024/02/08 v1.3d Input encoding file
\inpenc@prehook=\toks17
\inpenc@posthook=\toks18
)
(c:/texlive/2025/texmf-dist/tex/generic/babel/babel.sty
Package: babel 2026/01/26 v26.2 The multilingual framework for LuaLaTeX, pdfLaT
eX and XeLaTeX
\babel@savecnt=\count283
LaTeX Encoding Info:    Redeclaring text command \ij (encoding OT1) on input li
ne 2078.
LaTeX Encoding Info:    Redeclaring text command \IJ (encoding OT1) on input li
ne 2080.
LaTeX Encoding Info:    Redeclaring text command \ij (encoding T1) on input lin
e 2082.
LaTeX Encoding Info:    Redeclaring text command \IJ (encoding T1) on input lin
e 2083.
LaTeX Encoding Info:    Ignoring declaration for text command \ij (encoding ?) 
on input line 2084.
LaTeX Encoding Info:    Ignoring declaration for text command \IJ (encoding ?) 
on input line 2086.
LaTeX Encoding Info:    Ignoring declaration for text command \SS (encoding ?) 
on input line 2111.
\U@D=\dimen149
\l@unhyphenated=\language90

(c:/texlive/2025/texmf-dist/tex/generic/babel/txtbabel.def)
\bbl@readstream=\read2
\bbl@dirlevel=\count284

(c:/texlive/2025/texmf-dist/tex/generic/babel/locale/en/babel-english.tex)
(c:/texlive/2025/texmf-dist/tex/generic/babel/locale/ru/babel-russian.tex)
Package babel Info: Importing font and identification data for english
(babel)             from babel-en.ini. Reported on input line 4330.

(c:/texlive/2025/texmf-dist/tex/generic/babel-english/english.ldf
Language: english 2017/06/06 v3.3r English support from the babel system
Package babel Info: Hyphen rules for 'canadian' set to \l@english
(babel)             (\language0). Reported on input line 102.
Package babel Info: Hyphen rules for 'australian' set to \l@ukenglish
(babel)             (\language22). Reported on input line 105.
Package babel Info: Hyphen rules for 'newzealand' set to \l@ukenglish
(babel)             (\language22). Reported on input line 108.
)
Package babel Info: Importing font and identification data for russian
(babel)             from babel-ru.ini. Reported on input line 4330.

(c:/texlive/2025/texmf-dist/tex/generic/babel-russian/russianb.ldf
File: russianb.ldf 2021/01/10 1.3m Russian support for the Babel system
Language: russian 2020/09/09 1.3k Russian support for the Babel system
Package babel Info: Making " an active character on input line 124.
Package babel Info: Default for \cyrdash is provided on input line 163.
))
(c:/texlive/2025/texmf-dist/tex/latex/tools/indentfirst.sty
Package: indentfirst 2023/07/02 v1.03 Indent first paragraph (DPC)
)
(c:/texlive/2025/texmf-dist/tex/latex/amsmath/amsmath.sty
Package: amsmath 2025/07/09 v2.17z AMS math features
\@mathmargin=\skip51

For additional information on amsmath, use the `?' option.
(c:/texlive/2025/texmf-dist/tex/latex/amsmath/amstext.sty
Package: amstext 2024/11/17 v2.01 AMS text

(c:/texlive/2025/texmf-dist/tex/latex/amsmath/amsgen.sty
File: amsgen.sty 1999/11/30 v2.0 generic functions
\@emptytoks=\toks19
\ex@=\dimen150
))
(c:/texlive/2025/texmf-dist/tex/latex/amsmath/amsbsy.sty
Package: amsbsy 1999/11/29 v1.2d Bold Symbols
\pmbraise@=\dimen151
)
(c:/texlive/2025/texmf-dist/tex/latex/amsmath/amsopn.sty
Package: amsopn 2022/04/08 v2.04 operator names
)
\inf@bad=\count285
LaTeX Info: Redefining \frac on input line 233.
\uproot@=\count286
\leftroot@=\count287
LaTeX Info: Redefining \overline on input line 398.
LaTeX Info: Redefining \colon on input line 409.
\classnum@=\count288
\DOTSCASE@=\count289
LaTeX Info: Redefining \ldots on input line 495.
LaTeX Info: Redefining \dots on input line 498.
LaTeX Info: Redefining \cdots on input line 619.
\Mathstrutbox@=\box53
\strutbox@=\box54
LaTeX Info: Redefining \big on input line 721.
LaTeX Info: Redefining \Big on input line 722.
LaTeX Info: Redefining \bigg on input line 723.
LaTeX Info: Redefining \Bigg on input line 724.
\big@size=\dimen152
LaTeX Font Info:    Redeclaring font encoding OML on input line 742.
\symOMLletters=\mathgroup5
LaTeX Font Info:    Redeclaring font encoding OMS on input line 743.
\symOMSletters=\mathgroup6
\macc@depth=\count290
LaTeX Info: Redefining \bmod on input line 904.
LaTeX Info: Redefining \pmod on input line 909.
LaTeX Info: Redefining \smash on input line 939.
LaTeX Info: Redefining \relbar on input line 969.
LaTeX Info: Redefining \Relbar on input line 970.
\c@MaxMatrixCols=\count291
\dotsspace@=\muskip17
\c@parentequation=\count292
\dspbrk@lvl=\count293
\tag@help=\toks20
\row@=\count294
\column@=\count295
\maxfields@=\count296
\andhelp@=\toks21
\eqnshift@=\dimen153
\alignsep@=\dimen154
\tagshift@=\dimen155
\tagwidth@=\dimen156
\totwidth@=\dimen157
\lineht@=\dimen158
\@envbody=\toks22
\multlinegap=\skip52
\multlinetaggap=\skip53
\mathdisplay@stack=\toks23
LaTeX Info: Redefining \[ on input line 2950.
LaTeX Info: Redefining \] on input line 2951.
)
(c:/texlive/2025/texmf-dist/tex/latex/amsfonts/amsfonts.sty
Package: amsfonts 2013/01/14 v3.01 Basic AMSFonts support
\symAMSa=\mathgroup7
\symAMSb=\mathgroup8
LaTeX Font Info:    Redeclaring math symbol \hbar on input line 98.
LaTeX Font Info:    Overwriting math alphabet `\mathfrak' in version `bold'
(Font)                  U/euf/m/n --> U/euf/b/n on input line 106.
)
(c:/texlive/2025/texmf-dist/tex/latex/amsfonts/amssymb.sty
Package: amssymb 2013/01/14 v3.01 AMS font symbols
)
(c:/texlive/2025/texmf-dist/tex/latex/amscls/amsthm.sty
Package: amsthm 2020/05/29 v2.20.6
\thm@style=\toks24
\thm@bodyfont=\toks25
\thm@headfont=\toks26
\thm@notefont=\toks27
\thm@headpunct=\toks28
\thm@preskip=\skip54
\thm@postskip=\skip55
\thm@headsep=\skip56
\dth@everypar=\toks29
)
(c:/texlive/2025/texmf-dist/tex/latex/mathtools/mathtools.sty
Package: mathtools 2024/10/04 v1.31 mathematical typesetting tools

(c:/texlive/2025/texmf-dist/tex/latex/graphics/keyval.sty
Package: keyval 2022/05/29 v1.15 key=value parser (DPC)
\KV@toks@=\toks30
)
(c:/texlive/2025/texmf-dist/tex/latex/tools/calc.sty
Package: calc 2025/03/01 v4.3b Infix arithmetic (KKT,FJ)
\calc@Acount=\count297
\calc@Bcount=\count298
\calc@Adimen=\dimen159
\calc@Bdimen=\dimen160
\calc@Askip=\skip57
\calc@Bskip=\skip58
LaTeX Info: Redefining \setlength on input line 86.
LaTeX Info: Redefining \addtolength on input line 87.
\calc@Ccount=\count299
\calc@Cskip=\skip59
)
(c:/texlive/2025/texmf-dist/tex/latex/mathtools/mhsetup.sty
Package: mhsetup 2021/03/18 v1.4 programming setup (MH)
)
\g_MT_multlinerow_int=\count300
\l_MT_multwidth_dim=\dimen161
\origjot=\skip60
\l_MT_shortvdotswithinadjustabove_dim=\dimen162
\l_MT_shortvdotswithinadjustbelow_dim=\dimen163
\l_MT_above_intertext_sep=\dimen164
\l_MT_below_intertext_sep=\dimen165
\l_MT_above_shortintertext_sep=\dimen166
\l_MT_below_shortintertext_sep=\dimen167
\xmathstrut@box=\box55
\xmathstrut@dim=\dimen168
)
(c:/texlive/2025/texmf-dist/tex/latex/bbm-macros/bbm.sty
Package: bbm 1999/03/15 V 1.2 provides fonts for set symbols - TH
LaTeX Font Info:    Overwriting math alphabet `\mathbbm' in version `bold'
(Font)                  U/bbm/m/n --> U/bbm/bx/n on input line 33.
LaTeX Font Info:    Overwriting math alphabet `\mathbbmss' in version `bold'
(Font)                  U/bbmss/m/n --> U/bbmss/bx/n on input line 35.
)
(c:/texlive/2025/texmf-dist/tex/latex/was/icomma.sty
Package: icomma 2002/03/10 v2.0 (WaS)
)
(c:/texlive/2025/texmf-dist/tex/latex/oberdiek/centernot.sty
Package: centernot 2016/05/16 v1.4 Centers the not symbol horizontally (HO)
)
(c:/texlive/2025/texmf-dist/tex/latex/stmaryrd/stmaryrd.sty
Package: stmaryrd 1994/03/03 St Mary's Road symbol package
\symstmry=\mathgroup9
LaTeX Font Info:    Overwriting symbol font `stmry' in version `bold'
(Font)                  U/stmry/m/n --> U/stmry/b/n on input line 89.
)
(c:/texlive/2025/texmf-dist/tex/latex/esvect/esvect.sty
Package: esvect 
\symesvector=\mathgroup10
LaTeX Font Info:    Redeclaring math symbol \fldr on input line 38.
)
(c:/texlive/2025/texmf-dist/tex/latex/graphics/graphicx.sty
Package: graphicx 2024/12/31 v1.2e Enhanced LaTeX Graphics (DPC,SPQR)

(c:/texlive/2025/texmf-dist/tex/latex/graphics/graphics.sty
Package: graphics 2024/08/06 v1.4g Standard LaTeX Graphics (DPC,SPQR)

(c:/texlive/2025/texmf-dist/tex/latex/graphics/trig.sty
Package: trig 2023/12/02 v1.11 sin cos tan (DPC)
)
(c:/texlive/2025/texmf-dist/tex/latex/graphics-cfg/graphics.cfg
File: graphics.cfg 2016/06/04 v1.11 sample graphics configuration
)
Package graphics Info: Driver file: pdftex.def on input line 106.

(c:/texlive/2025/texmf-dist/tex/latex/graphics-def/pdftex.def
File: pdftex.def 2025/09/29 v1.2d Graphics/color driver for pdftex
))
\Gin@req@height=\dimen169
\Gin@req@width=\dimen170
)
(c:/texlive/2025/texmf-dist/tex/latex/wrapfig/wrapfig.sty
\wrapoverhang=\dimen171
\WF@size=\dimen172
\c@WF@wrappedlines=\count301
\WF@box=\box56
\WF@everypar=\toks31
Package: wrapfig 2003/01/31  v 3.6
)
(c:/texlive/2025/texmf-dist/tex/latex/tools/array.sty
Package: array 2025/09/25 v2.6n Tabular extension package (FMi)
\col@sep=\dimen173
\ar@mcellbox=\box57
\extrarowheight=\dimen174
\NC@list=\toks32
\extratabsurround=\skip61
\backup@length=\skip62
\ar@cellbox=\box58
)
(c:/texlive/2025/texmf-dist/tex/latex/tools/tabularx.sty
Package: tabularx 2023/12/11 v2.12a `tabularx' package (DPC)
\TX@col@width=\dimen175
\TX@old@table=\dimen176
\TX@old@col=\dimen177
\TX@target=\dimen178
\TX@delta=\dimen179
\TX@cols=\count302
\TX@ftn=\toks33
)
(c:/texlive/2025/texmf-dist/tex/latex/tabulary/tabulary.sty
Package: tabulary 2024/06/04 v0.11 tabulary package (DPC)
\TY@count=\count303
\TY@linewidth=\dimen180
\tymin=\dimen181
\tymax=\dimen182
\TY@tablewidth=\dimen183
)
(c:/texlive/2025/texmf-dist/tex/latex/booktabs/booktabs.sty
Package: booktabs 2020/01/12 v1.61803398 Publication quality tables
\heavyrulewidth=\dimen184
\lightrulewidth=\dimen185
\cmidrulewidth=\dimen186
\belowrulesep=\dimen187
\belowbottomsep=\dimen188
\aboverulesep=\dimen189
\abovetopsep=\dimen190
\cmidrulesep=\dimen191
\cmidrulekern=\dimen192
\defaultaddspace=\dimen193
\@cmidla=\count304
\@cmidlb=\count305
\@aboverulesep=\dimen194
\@belowrulesep=\dimen195
\@thisruleclass=\count306
\@lastruleclass=\count307
\@thisrulewidth=\dimen196
)
(c:/texlive/2025/texmf-dist/tex/latex/tools/longtable.sty
Package: longtable 2025-10-13 v4.24 Multi-page Table package (DPC)
\LTleft=\skip63
\LTright=\skip64
\LTpre=\skip65
\LTpost=\skip66
\LTchunksize=\count308
\LTcapwidth=\dimen197
\LT@head=\box59
\LT@firsthead=\box60
\LT@foot=\box61
\LT@lastfoot=\box62
\LT@gbox=\box63
\LT@cols=\count309
\LT@rows=\count310
\c@LT@tables=\count311
\c@LT@chunks=\count312
\LT@p@ftn=\toks34
)
(c:/texlive/2025/texmf-dist/tex/latex/multirow/multirow.sty
Package: multirow 2024/11/12 v2.9 Span multiple rows of a table
\multirow@colwidth=\skip67
\multirow@cntb=\count313
\multirow@dima=\skip68
\bigstrutjot=\dimen198
)
\c@theorem=\count314
\c@lemma=\count315
\c@proposition=\count316
\c@definition=\count317

(c:/texlive/2025/texmf-dist/tex/latex/extsizes/extsizes.sty
Package: extsizes 1996/10/08 v1.0 Non Standard LaTeX Package


Package ExtSizes Warning: It is better to use one of the extsizes classes,
 if you can.

(c:/texlive/2025/texmf-dist/tex/latex/base/size12.clo
File: size12.clo 2025/01/22 v1.4n Standard LaTeX file (size option)
LaTeX Info: Command `\normalsize' is already robust on input line 56.
LaTeX Info: Redefining \small on input line 58.
LaTeX Info: Redefining \footnotesize on input line 69.
LaTeX Info: Redefining \scriptsize on input line 80.
LaTeX Info: Redefining \tiny on input line 81.
LaTeX Info: Redefining \large on input line 82.
LaTeX Info: Redefining \Large on input line 83.
LaTeX Info: Redefining \LARGE on input line 84.
LaTeX Info: Redefining \huge on input line 85.
))
(c:/texlive/2025/texmf-dist/tex/latex/geometry/geometry.sty
Package: geometry 2020/01/02 v5.9 Page Geometry

(c:/texlive/2025/texmf-dist/tex/generic/iftex/ifvtex.sty
Package: ifvtex 2019/10/25 v1.7 ifvtex legacy package. Use iftex instead.

(c:/texlive/2025/texmf-dist/tex/generic/iftex/iftex.sty
Package: iftex 2024/12/12 v1.0g TeX engine tests
))
\Gm@cnth=\count318
\Gm@cntv=\count319
\c@Gm@tempcnt=\count320
\Gm@bindingoffset=\dimen199
\Gm@wd@mp=\dimen256
\Gm@odd@mp=\dimen257
\Gm@even@mp=\dimen258
\Gm@layoutwidth=\dimen259
\Gm@layoutheight=\dimen260
\Gm@layouthoffset=\dimen261
\Gm@layoutvoffset=\dimen262
\Gm@dimlist=\toks35
)
(c:/texlive/2025/texmf-dist/tex/latex/setspace/setspace.sty
Package: setspace 2022/12/04 v6.7b set line spacing
)
(c:/texlive/2025/texmf-dist/tex/latex/enumitem/enumitem.sty
Package: enumitem 2025/02/06 v3.11 Customized lists
\labelindent=\skip69
\enit@outerparindent=\dimen263
\enit@toks=\toks36
\enit@inbox=\box64
\enit@count@id=\count321
\enitdp@description=\count322
)
(c:/texlive/2025/texmf-dist/tex/latex/tools/multicol.sty
Package: multicol 2025/10/21 v2.0b multicolumn formatting (FMi)
\c@tracingmulticols=\count323
\mult@box=\box65
\multicol@leftmargin=\dimen264
\c@unbalance=\count324
\c@collectmore=\count325
\doublecol@number=\count326
\multicoltolerance=\count327
\multicolpretolerance=\count328
\full@width=\dimen265
\page@free=\dimen266
\premulticols=\dimen267
\postmulticols=\dimen268
\multicolsep=\skip70
\multicolbaselineskip=\skip71
\partial@page=\box66
\last@line=\box67
\mc@boxedresult=\box68
\maxbalancingoverflow=\dimen269
\mult@rightbox=\box69
\mult@grightbox=\box70
\mult@firstbox=\box71
\mult@gfirstbox=\box72
\@tempa=\box73
\@tempa=\box74
\@tempa=\box75
\@tempa=\box76
\@tempa=\box77
\@tempa=\box78
\@tempa=\box79
\@tempa=\box80
\@tempa=\box81
\@tempa=\box82
\@tempa=\box83
\@tempa=\box84
\@tempa=\box85
\@tempa=\box86
\@tempa=\box87
\@tempa=\box88
\@tempa=\box89
\@tempa=\box90
\@tempa=\box91
\@tempa=\box92
\@tempa=\box93
\@tempa=\box94
\@tempa=\box95
\@tempa=\box96
\@tempa=\box97
\@tempa=\box98
\@tempa=\box99
\@tempa=\box100
\@tempa=\box101
\@tempa=\box102
\@tempa=\box103
\@tempa=\box104
\@tempa=\box105
\@tempa=\box106
\@tempa=\box107
\@tempa=\box108
\c@minrows=\count329
\c@columnbadness=\count330
\c@finalcolumnbadness=\count331
\last@try=\dimen270
\multicolovershoot=\dimen271
\multicolundershoot=\dimen272
\mult@nat@firstbox=\box109
\colbreak@box=\box110
\mc@col@check@num=\count332
\g__mc_curr_col_int=\count333
)
(c:/texlive/2025/texmf-dist/tex/generic/soul/soulutf8.sty
Package: soulutf8 2023-06-14 v3.1 Permit use of UTF-8 characters in soul (HO)


Package soulutf8 Warning: This package is obsolete,
(soulutf8)                use the soul package directly. 
(soulutf8)                 on input line 29.

) (c:/texlive/2025/texmf-dist/tex/generic/soul/soul.sty
Package: soul 2023-06-14 v3.1 Permit use of UTF-8 characters in soul (HO)

(c:/texlive/2025/texmf-dist/tex/generic/soul/soul-ori.sty
Package: soul-ori 2023-06-14 v3.1 letterspacing/underlining (mf)
\SOUL@word=\toks37
\SOUL@lasttoken=\toks38
\SOUL@syllable=\toks39
\SOUL@cmds=\toks40
\SOUL@buffer=\toks41
\SOUL@token=\toks42
\SOUL@syllgoal=\dimen273
\SOUL@syllwidth=\dimen274
\SOUL@charkern=\dimen275
\SOUL@hyphkern=\dimen276
\SOUL@dimen=\dimen277
\SOUL@dimeni=\dimen278
\SOUL@minus=\count334
\SOUL@comma=\count335
\SOUL@apo=\count336
\SOUL@grave=\count337
\SOUL@spaceskip=\skip72
\SOUL@ttwidth=\dimen279
\SOUL@uldp=\dimen280
\SOUL@ulht=\dimen281
)
(c:/texlive/2025/texmf-dist/tex/generic/infwarerr/infwarerr.sty
Package: infwarerr 2019/12/03 v1.5 Providing info/warning/error messages (HO)
)
(c:/texlive/2025/texmf-dist/tex/generic/etexcmds/etexcmds.sty
Package: etexcmds 2019/12/15 v1.7 Avoid name clashes with e-TeX commands (HO)
))
(c:/texlive/2025/texmf-dist/tex/latex/titlesec/titleps.sty
Package: titleps 2025/01/04 v2.17 Page styles
)
(c:/texlive/2025/texmf-dist/tex/latex/hyperref/hyperref.sty
Package: hyperref 2026-01-29 v7.01p Hypertext links for LaTeX

(c:/texlive/2025/texmf-dist/tex/latex/kvsetkeys/kvsetkeys.sty
Package: kvsetkeys 2022-10-05 v1.19 Key value parser (HO)
)
(c:/texlive/2025/texmf-dist/tex/generic/kvdefinekeys/kvdefinekeys.sty
Package: kvdefinekeys 2019-12-19 v1.6 Define keys (HO)
)
(c:/texlive/2025/texmf-dist/tex/generic/pdfescape/pdfescape.sty
Package: pdfescape 2019/12/09 v1.15 Implements pdfTeX's escape features (HO)

(c:/texlive/2025/texmf-dist/tex/generic/ltxcmds/ltxcmds.sty
Package: ltxcmds 2023-12-04 v1.26 LaTeX kernel commands for general use (HO)
)
(c:/texlive/2025/texmf-dist/tex/generic/pdftexcmds/pdftexcmds.sty
Package: pdftexcmds 2020-06-27 v0.33 Utility functions of pdfTeX for LuaTeX (HO
)
Package pdftexcmds Info: \pdf@primitive is available.
Package pdftexcmds Info: \pdf@ifprimitive is available.
Package pdftexcmds Info: \pdfdraftmode found.
))
(c:/texlive/2025/texmf-dist/tex/latex/hycolor/hycolor.sty
Package: hycolor 2020-01-27 v1.10 Color options for hyperref/bookmark (HO)
)
(c:/texlive/2025/texmf-dist/tex/latex/hyperref/nameref.sty
Package: nameref 2026-01-29 v2.58 Cross-referencing by name of section

(c:/texlive/2025/texmf-dist/tex/latex/refcount/refcount.sty
Package: refcount 2019/12/15 v3.6 Data extraction from label references (HO)
)
(c:/texlive/2025/texmf-dist/tex/generic/gettitlestring/gettitlestring.sty
Package: gettitlestring 2019/12/15 v1.6 Cleanup title references (HO)

(c:/texlive/2025/texmf-dist/tex/latex/kvoptions/kvoptions.sty
Package: kvoptions 2022-06-15 v3.15 Key value format for package options (HO)
))
\c@section@level=\count338
)
(c:/texlive/2025/texmf-dist/tex/latex/etoolbox/etoolbox.sty
Package: etoolbox 2025/10/02 v2.5m e-TeX tools for LaTeX (JAW)
\etb@tempcnta=\count339
)
(c:/texlive/2025/texmf-dist/tex/generic/stringenc/stringenc.sty
Package: stringenc 2019/11/29 v1.12 Convert strings between diff. encodings (HO
)
)
\@linkdim=\dimen282
\Hy@linkcounter=\count340
\Hy@pagecounter=\count341

(c:/texlive/2025/texmf-dist/tex/latex/hyperref/pd1enc.def
File: pd1enc.def 2026-01-29 v7.01p Hyperref: PDFDocEncoding definition (HO)
Now handling font encoding PD1 ...
... no UTF-8 mapping file for font encoding PD1
\symPD1letters=\mathgroup11
)
(c:/texlive/2025/texmf-dist/tex/generic/intcalc/intcalc.sty
Package: intcalc 2019/12/15 v1.3 Expandable calculations with integers (HO)
)
\Hy@SavedSpaceFactor=\count342

(c:/texlive/2025/texmf-dist/tex/latex/hyperref/puenc.def
File: puenc.def 2026-01-29 v7.01p Hyperref: PDF Unicode definition (HO)
Now handling font encoding PU ...
... no UTF-8 mapping file for font encoding PU
\symPUletters=\mathgroup12
)
Package hyperref Info: Option `unicode' set `true' on input line 3166.
Package hyperref Info: Hyper figures OFF on input line 4201.
Package hyperref Info: Link nesting OFF on input line 4206.
Package hyperref Info: Hyper index ON on input line 4209.
Package hyperref Info: Plain pages OFF on input line 4216.
Package hyperref Info: Backreferencing OFF on input line 4221.
Package hyperref Info: Implicit mode ON; LaTeX internals redefined.
Package hyperref Info: Bookmarks ON on input line 4468.
\c@Hy@tempcnt=\count343

(c:/texlive/2025/texmf-dist/tex/latex/url/url.sty
\Urlmuskip=\muskip18
Package: url 2013/09/16  ver 3.4  Verb mode for urls, etc.
)
LaTeX Info: Redefining \url on input line 4807.
\XeTeXLinkMargin=\dimen283

(c:/texlive/2025/texmf-dist/tex/generic/bitset/bitset.sty
Package: bitset 2019/12/09 v1.3 Handle bit-vector datatype (HO)

(c:/texlive/2025/texmf-dist/tex/generic/bigintcalc/bigintcalc.sty
Package: bigintcalc 2019/12/15 v1.5 Expandable calculations on big integers (HO
)
))
\Fld@menulength=\count344
\Field@Width=\dimen284
\Fld@charsize=\dimen285
Package hyperref Info: Hyper figures OFF on input line 6084.
Package hyperref Info: Link nesting OFF on input line 6089.
Package hyperref Info: Hyper index ON on input line 6092.
Package hyperref Info: backreferencing OFF on input line 6099.
Package hyperref Info: Link coloring OFF on input line 6104.
Package hyperref Info: Link coloring with OCG OFF on input line 6109.
Package hyperref Info: PDF/A mode OFF on input line 6114.
\Hy@abspage=\count345
\c@Item=\count346
\c@Hfootnote=\count347
)
Package hyperref Info: Driver (autodetected): hpdftex.

(c:/texlive/2025/texmf-dist/tex/latex/hyperref/hpdftex.def
File: hpdftex.def 2026-01-29 v7.01p Hyperref driver for pdfTeX
\Fld@listcount=\count348
\c@bookmark@seq@number=\count349

(c:/texlive/2025/texmf-dist/tex/latex/rerunfilecheck/rerunfilecheck.sty
Package: rerunfilecheck 2025-06-21 v1.11 Rerun checks for auxiliary files (HO)

(c:/texlive/2025/texmf-dist/tex/generic/uniquecounter/uniquecounter.sty
Package: uniquecounter 2019/12/15 v1.4 Provide unlimited unique counter (HO)
)
Package uniquecounter Info: New unique counter `rerunfilecheck' on input line 2
84.
)
\Hy@SectionHShift=\skip73
)
(c:/texlive/2025/texmf-dist/tex/latex/xcolor/xcolor.sty
Package: xcolor 2024/09/29 v3.02 LaTeX color extensions (UK)

(c:/texlive/2025/texmf-dist/tex/latex/graphics-cfg/color.cfg
File: color.cfg 2016/01/02 v1.6 sample color configuration
)

Package xcolor Warning: Package option `usenames' is obsolete and ignored on in
put line 265.

Package xcolor Info: Driver file: pdftex.def on input line 274.
(c:/texlive/2025/texmf-dist/tex/latex/graphics/mathcolor.ltx)
Package xcolor Info: Model `cmy' substituted by `cmy0' on input line 1349.
Package xcolor Info: Model `hsb' substituted by `rgb' on input line 1353.
Package xcolor Info: Model `RGB' extended on input line 1365.
Package xcolor Info: Model `HTML' substituted by `rgb' on input line 1367.
Package xcolor Info: Model `Hsb' substituted by `hsb' on input line 1368.
Package xcolor Info: Model `tHsb' substituted by `hsb' on input line 1369.
Package xcolor Info: Model `HSB' substituted by `hsb' on input line 1370.
Package xcolor Info: Model `Gray' substituted by `gray' on input line 1371.
Package xcolor Info: Model `wave' substituted by `hsb' on input line 1372.
)
(c:/texlive/2025/texmf-dist/tex/latex/graphics/dvipsnam.def
File: dvipsnam.def 2016/06/17 v3.0m Driver-dependent file (DPC,SPQR)
)
(c:/texlive/2025/texmf-dist/tex/latex/xcolor/svgnam.def
File: svgnam.def 2024/09/29 v3.02 Predefined colors according to SVG 1.1 (UK)
)
(c:/texlive/2025/texmf-dist/tex/latex/colortbl/colortbl.sty
Package: colortbl 2024/10/29 v1.0k Color table columns (DPC)
\everycr=\toks43
\minrowclearance=\skip74
\rownum=\count350
)
Package hyperref Info: Option `unicode' set `true' on input line 208.
Package hyperref Info: Option `colorlinks' set `true' on input line 208.

(c:/texlive/2025/texmf-dist/tex/latex/pgf/frontendlayer/tikz.sty
(c:/texlive/2025/texmf-dist/tex/latex/pgf/basiclayer/pgf.sty
(c:/texlive/2025/texmf-dist/tex/latex/pgf/utilities/pgfrcs.sty
(c:/texlive/2025/texmf-dist/tex/generic/pgf/utilities/pgfutil-common.tex
\pgfutil@everybye=\toks44
\pgfutil@tempdima=\dimen286
\pgfutil@tempdimb=\dimen287
)
(c:/texlive/2025/texmf-dist/tex/generic/pgf/utilities/pgfutil-latex.def
\pgfutil@abb=\box111
)
(c:/texlive/2025/texmf-dist/tex/generic/pgf/utilities/pgfrcs.code.tex
(c:/texlive/2025/texmf-dist/tex/generic/pgf/pgf.revision.tex)
Package: pgfrcs 2025-08-29 v3.1.11a (3.1.11a)
))
Package: pgf 2025-08-29 v3.1.11a (3.1.11a)

(c:/texlive/2025/texmf-dist/tex/latex/pgf/basiclayer/pgfcore.sty
(c:/texlive/2025/texmf-dist/tex/latex/pgf/systemlayer/pgfsys.sty
(c:/texlive/2025/texmf-dist/tex/generic/pgf/systemlayer/pgfsys.code.tex
Package: pgfsys 2025-08-29 v3.1.11a (3.1.11a)

(c:/texlive/2025/texmf-dist/tex/generic/pgf/utilities/pgfkeys.code.tex
\pgfkeys@pathtoks=\toks45
\pgfkeys@temptoks=\toks46

(c:/texlive/2025/texmf-dist/tex/generic/pgf/utilities/pgfkeyslibraryfiltered.co
de.tex
\pgfkeys@tmptoks=\toks47
))
\pgf@x=\dimen288
\pgf@y=\dimen289
\pgf@xa=\dimen290
\pgf@ya=\dimen291
\pgf@xb=\dimen292
\pgf@yb=\dimen293
\pgf@xc=\dimen294
\pgf@yc=\dimen295
\pgf@xd=\dimen296
\pgf@yd=\dimen297
\w@pgf@writea=\write3
\r@pgf@reada=\read3
\c@pgf@counta=\count351
\c@pgf@countb=\count352
\c@pgf@countc=\count353
\c@pgf@countd=\count354
\t@pgf@toka=\toks48
\t@pgf@tokb=\toks49
\t@pgf@tokc=\toks50
\pgf@sys@id@count=\count355
 (c:/texlive/2025/texmf-dist/tex/generic/pgf/systemlayer/pgf.cfg
File: pgf.cfg 2025-08-29 v3.1.11a (3.1.11a)
)
Driver file for pgf: pgfsys-pdftex.def

(c:/texlive/2025/texmf-dist/tex/generic/pgf/systemlayer/pgfsys-pdftex.def
File: pgfsys-pdftex.def 2025-08-29 v3.1.11a (3.1.11a)

(c:/texlive/2025/texmf-dist/tex/generic/pgf/systemlayer/pgfsys-common-pdf.def
File: pgfsys-common-pdf.def 2025-08-29 v3.1.11a (3.1.11a)
)))
(c:/texlive/2025/texmf-dist/tex/generic/pgf/systemlayer/pgfsyssoftpath.code.tex
File: pgfsyssoftpath.code.tex 2025-08-29 v3.1.11a (3.1.11a)
\pgfsyssoftpath@smallbuffer@items=\count356
\pgfsyssoftpath@bigbuffer@items=\count357
)
(c:/texlive/2025/texmf-dist/tex/generic/pgf/systemlayer/pgfsysprotocol.code.tex
File: pgfsysprotocol.code.tex 2025-08-29 v3.1.11a (3.1.11a)
)) (c:/texlive/2025/texmf-dist/tex/generic/pgf/basiclayer/pgfcore.code.tex
Package: pgfcore 2025-08-29 v3.1.11a (3.1.11a)

(c:/texlive/2025/texmf-dist/tex/generic/pgf/math/pgfmath.code.tex
(c:/texlive/2025/texmf-dist/tex/generic/pgf/math/pgfmathutil.code.tex)
(c:/texlive/2025/texmf-dist/tex/generic/pgf/math/pgfmathparser.code.tex
\pgfmath@dimen=\dimen298
\pgfmath@count=\count358
\pgfmath@box=\box112
\pgfmath@toks=\toks51
\pgfmath@stack@operand=\toks52
\pgfmath@stack@operation=\toks53
)
(c:/texlive/2025/texmf-dist/tex/generic/pgf/math/pgfmathfunctions.code.tex)
(c:/texlive/2025/texmf-dist/tex/generic/pgf/math/pgfmathfunctions.basic.code.te
x)
(c:/texlive/2025/texmf-dist/tex/generic/pgf/math/pgfmathfunctions.trigonometric
.code.tex)
(c:/texlive/2025/texmf-dist/tex/generic/pgf/math/pgfmathfunctions.random.code.t
ex)
(c:/texlive/2025/texmf-dist/tex/generic/pgf/math/pgfmathfunctions.comparison.co
de.tex)
(c:/texlive/2025/texmf-dist/tex/generic/pgf/math/pgfmathfunctions.base.code.tex
)
(c:/texlive/2025/texmf-dist/tex/generic/pgf/math/pgfmathfunctions.round.code.te
x)
(c:/texlive/2025/texmf-dist/tex/generic/pgf/math/pgfmathfunctions.misc.code.tex
)
(c:/texlive/2025/texmf-dist/tex/generic/pgf/math/pgfmathfunctions.integerarithm
etics.code.tex)
(c:/texlive/2025/texmf-dist/tex/generic/pgf/math/pgfmathcalc.code.tex)
(c:/texlive/2025/texmf-dist/tex/generic/pgf/math/pgfmathfloat.code.tex
\c@pgfmathroundto@lastzeros=\count359
))
(c:/texlive/2025/texmf-dist/tex/generic/pgf/math/pgfint.code.tex)
(c:/texlive/2025/texmf-dist/tex/generic/pgf/basiclayer/pgfcorepoints.code.tex
File: pgfcorepoints.code.tex 2025-08-29 v3.1.11a (3.1.11a)
\pgf@picminx=\dimen299
\pgf@picmaxx=\dimen300
\pgf@picminy=\dimen301
\pgf@picmaxy=\dimen302
\pgf@pathminx=\dimen303
\pgf@pathmaxx=\dimen304
\pgf@pathminy=\dimen305
\pgf@pathmaxy=\dimen306
\pgf@xx=\dimen307
\pgf@xy=\dimen308
\pgf@yx=\dimen309
\pgf@yy=\dimen310
\pgf@zx=\dimen311
\pgf@zy=\dimen312
)
(c:/texlive/2025/texmf-dist/tex/generic/pgf/basiclayer/pgfcorepathconstruct.cod
e.tex
File: pgfcorepathconstruct.code.tex 2025-08-29 v3.1.11a (3.1.11a)
\pgf@path@lastx=\dimen313
\pgf@path@lasty=\dimen314
)
(c:/texlive/2025/texmf-dist/tex/generic/pgf/basiclayer/pgfcorepathusage.code.te
x
File: pgfcorepathusage.code.tex 2025-08-29 v3.1.11a (3.1.11a)
\pgf@shorten@end@additional=\dimen315
\pgf@shorten@start@additional=\dimen316
)
(c:/texlive/2025/texmf-dist/tex/generic/pgf/basiclayer/pgfcorescopes.code.tex
File: pgfcorescopes.code.tex 2025-08-29 v3.1.11a (3.1.11a)
\pgfpic=\box113
\pgf@hbox=\box114
\pgf@layerbox@main=\box115
\pgf@picture@serial@count=\count360
)
(c:/texlive/2025/texmf-dist/tex/generic/pgf/basiclayer/pgfcoregraphicstate.code
.tex
File: pgfcoregraphicstate.code.tex 2025-08-29 v3.1.11a (3.1.11a)
\pgflinewidth=\dimen317
)
(c:/texlive/2025/texmf-dist/tex/generic/pgf/basiclayer/pgfcoretransformations.c
ode.tex
File: pgfcoretransformations.code.tex 2025-08-29 v3.1.11a (3.1.11a)
\pgf@pt@x=\dimen318
\pgf@pt@y=\dimen319
\pgf@pt@temp=\dimen320
)
(c:/texlive/2025/texmf-dist/tex/generic/pgf/basiclayer/pgfcorequick.code.tex
File: pgfcorequick.code.tex 2025-08-29 v3.1.11a (3.1.11a)
)
(c:/texlive/2025/texmf-dist/tex/generic/pgf/basiclayer/pgfcoreobjects.code.tex
File: pgfcoreobjects.code.tex 2025-08-29 v3.1.11a (3.1.11a)
)
(c:/texlive/2025/texmf-dist/tex/generic/pgf/basiclayer/pgfcorepathprocessing.co
de.tex
File: pgfcorepathprocessing.code.tex 2025-08-29 v3.1.11a (3.1.11a)
)
(c:/texlive/2025/texmf-dist/tex/generic/pgf/basiclayer/pgfcorearrows.code.tex
File: pgfcorearrows.code.tex 2025-08-29 v3.1.11a (3.1.11a)
\pgfarrowsep=\dimen321
)
(c:/texlive/2025/texmf-dist/tex/generic/pgf/basiclayer/pgfcoreshade.code.tex
File: pgfcoreshade.code.tex 2025-08-29 v3.1.11a (3.1.11a)
\pgf@max=\dimen322
\pgf@sys@shading@range@num=\count361
\pgf@shadingcount=\count362
)
(c:/texlive/2025/texmf-dist/tex/generic/pgf/basiclayer/pgfcoreimage.code.tex
File: pgfcoreimage.code.tex 2025-08-29 v3.1.11a (3.1.11a)
)
(c:/texlive/2025/texmf-dist/tex/generic/pgf/basiclayer/pgfcoreexternal.code.tex
File: pgfcoreexternal.code.tex 2025-08-29 v3.1.11a (3.1.11a)
\pgfexternal@startupbox=\box116
) (c:/texlive/2025/texmf-dist/tex/generic/pgf/basiclayer/pgfcorelayers.code.tex
File: pgfcorelayers.code.tex 2025-08-29 v3.1.11a (3.1.11a)
)
(c:/texlive/2025/texmf-dist/tex/generic/pgf/basiclayer/pgfcoretransparency.code
.tex
File: pgfcoretransparency.code.tex 2025-08-29 v3.1.11a (3.1.11a)
)
(c:/texlive/2025/texmf-dist/tex/generic/pgf/basiclayer/pgfcorepatterns.code.tex
File: pgfcorepatterns.code.tex 2025-08-29 v3.1.11a (3.1.11a)
) (c:/texlive/2025/texmf-dist/tex/generic/pgf/basiclayer/pgfcorerdf.code.tex
File: pgfcorerdf.code.tex 2025-08-29 v3.1.11a (3.1.11a)
))) (c:/texlive/2025/texmf-dist/tex/generic/pgf/modules/pgfmoduleshapes.code.te
x
File: pgfmoduleshapes.code.tex 2025-08-29 v3.1.11a (3.1.11a)
\pgfnodeparttextbox=\box117
)
(c:/texlive/2025/texmf-dist/tex/generic/pgf/modules/pgfmoduleplot.code.tex
File: pgfmoduleplot.code.tex 2025-08-29 v3.1.11a (3.1.11a)
)
(c:/texlive/2025/texmf-dist/tex/latex/pgf/compatibility/pgfcomp-version-0-65.st
y
Package: pgfcomp-version-0-65 2025-08-29 v3.1.11a (3.1.11a)
\pgf@nodesepstart=\dimen323
\pgf@nodesepend=\dimen324
)
(c:/texlive/2025/texmf-dist/tex/latex/pgf/compatibility/pgfcomp-version-1-18.st
y
Package: pgfcomp-version-1-18 2025-08-29 v3.1.11a (3.1.11a)
)) (c:/texlive/2025/texmf-dist/tex/latex/pgf/utilities/pgffor.sty
(c:/texlive/2025/texmf-dist/tex/latex/pgf/utilities/pgfkeys.sty
(c:/texlive/2025/texmf-dist/tex/generic/pgf/utilities/pgfkeys.code.tex))
(c:/texlive/2025/texmf-dist/tex/latex/pgf/math/pgfmath.sty
(c:/texlive/2025/texmf-dist/tex/generic/pgf/math/pgfmath.code.tex))
(c:/texlive/2025/texmf-dist/tex/generic/pgf/utilities/pgffor.code.tex
Package: pgffor 2025-08-29 v3.1.11a (3.1.11a)
\pgffor@iter=\dimen325
\pgffor@skip=\dimen326
\pgffor@stack=\toks54
\pgffor@toks=\toks55
))
(c:/texlive/2025/texmf-dist/tex/generic/pgf/frontendlayer/tikz/tikz.code.tex
Package: tikz 2025-08-29 v3.1.11a (3.1.11a)

(c:/texlive/2025/texmf-dist/tex/generic/pgf/libraries/pgflibraryplothandlers.co
de.tex
File: pgflibraryplothandlers.code.tex 2025-08-29 v3.1.11a (3.1.11a)
\pgf@plot@mark@count=\count363
\pgfplotmarksize=\dimen327
)
\tikz@lastx=\dimen328
\tikz@lasty=\dimen329
\tikz@lastxsaved=\dimen330
\tikz@lastysaved=\dimen331
\tikz@lastmovetox=\dimen332
\tikz@lastmovetoy=\dimen333
\tikzleveldistance=\dimen334
\tikzsiblingdistance=\dimen335
\tikz@figbox=\box118
\tikz@figbox@bg=\box119
\tikz@tempbox=\box120
\tikz@tempbox@bg=\box121
\tikztreelevel=\count364
\tikznumberofchildren=\count365
\tikznumberofcurrentchild=\count366
\tikz@fig@count=\count367

(c:/texlive/2025/texmf-dist/tex/generic/pgf/modules/pgfmodulematrix.code.tex
File: pgfmodulematrix.code.tex 2025-08-29 v3.1.11a (3.1.11a)
\pgfmatrixcurrentrow=\count368
\pgfmatrixcurrentcolumn=\count369
\pgf@matrix@numberofcolumns=\count370
)
\tikz@expandcount=\count371

(c:/texlive/2025/texmf-dist/tex/generic/pgf/frontendlayer/tikz/libraries/tikzli
brarytopaths.code.tex
File: tikzlibrarytopaths.code.tex 2025-08-29 v3.1.11a (3.1.11a)
)))
(c:/texlive/2025/texmf-dist/tex/latex/tikz-cd/tikz-cd.sty
Package: tikz-cd 2021/05/04 v1.0 Commutative diagrams with TikZ

(c:/texlive/2025/texmf-dist/tex/generic/tikz-cd/tikzlibrarycd.code.tex
(c:/texlive/2025/texmf-dist/tex/generic/pgf/frontendlayer/tikz/libraries/tikzli
brarymatrix.code.tex
File: tikzlibrarymatrix.code.tex 2025-08-29 v3.1.11a (3.1.11a)
)
(c:/texlive/2025/texmf-dist/tex/generic/pgf/frontendlayer/tikz/libraries/tikzli
braryquotes.code.tex
File: tikzlibraryquotes.code.tex 2025-08-29 v3.1.11a (3.1.11a)
)
(c:/texlive/2025/texmf-dist/tex/generic/pgf/libraries/pgflibraryarrows.meta.cod
e.tex
File: pgflibraryarrows.meta.code.tex 2025-08-29 v3.1.11a (3.1.11a)
\pgfarrowinset=\dimen336
\pgfarrowlength=\dimen337
\pgfarrowwidth=\dimen338
\pgfarrowlinewidth=\dimen339
))) (c:/texlive/2025/texmf-dist/tex/latex/tkz-euclide/tkz-euclide.sty
2026/01/25 5.13c tkz-euclide.sty
Package: tkz-euclide  2026/01/25 5.13c for pure Euclidean Geometry 

(c:/texlive/2025/texmf-dist/tex/generic/pgf/frontendlayer/tikz/libraries/tikzli
braryangles.code.tex
File: tikzlibraryangles.code.tex 2025-08-29 v3.1.11a (3.1.11a)
)
(c:/texlive/2025/texmf-dist/tex/generic/pgf/frontendlayer/tikz/libraries/tikzli
braryarrows.code.tex
File: tikzlibraryarrows.code.tex 2025-08-29 v3.1.11a (3.1.11a)

(c:/texlive/2025/texmf-dist/tex/generic/pgf/libraries/pgflibraryarrows.code.tex
File: pgflibraryarrows.code.tex 2025-08-29 v3.1.11a (3.1.11a)
\arrowsize=\dimen340
))
(c:/texlive/2025/texmf-dist/tex/generic/pgf/frontendlayer/tikz/libraries/tikzli
brarybackgrounds.code.tex
File: tikzlibrarybackgrounds.code.tex 2025-08-29 v3.1.11a (3.1.11a)
\pgf@layerbox@background=\box122
\pgf@layerboxsaved@background=\box123
)
(c:/texlive/2025/texmf-dist/tex/generic/pgf/frontendlayer/tikz/libraries/tikzli
brarycalc.code.tex
File: tikzlibrarycalc.code.tex 2025-08-29 v3.1.11a (3.1.11a)
)
(c:/texlive/2025/texmf-dist/tex/generic/pgf/frontendlayer/tikz/libraries/tikzli
brarydecorations.code.tex
(c:/texlive/2025/texmf-dist/tex/generic/pgf/modules/pgfmoduledecorations.code.t
ex
\pgfdecoratedcompleteddistance=\dimen341
\pgfdecoratedremainingdistance=\dimen342
\pgfdecoratedinputsegmentcompleteddistance=\dimen343
\pgfdecoratedinputsegmentremainingdistance=\dimen344
\pgf@decorate@distancetomove=\dimen345
\pgf@decorate@repeatstate=\count372
\pgfdecorationsegmentamplitude=\dimen346
\pgfdecorationsegmentlength=\dimen347
)
\tikz@lib@dec@box=\box124
)
(c:/texlive/2025/texmf-dist/tex/generic/pgf/frontendlayer/tikz/libraries/tikzli
brarydecorations.markings.code.tex
(c:/texlive/2025/texmf-dist/tex/generic/pgf/libraries/decorations/pgflibrarydec
orations.markings.code.tex))
(c:/texlive/2025/texmf-dist/tex/generic/pgf/frontendlayer/tikz/libraries/tikzli
brarydecorations.pathreplacing.code.tex
(c:/texlive/2025/texmf-dist/tex/generic/pgf/libraries/decorations/pgflibrarydec
orations.pathreplacing.code.tex))
(c:/texlive/2025/texmf-dist/tex/generic/pgf/frontendlayer/tikz/libraries/tikzli
brarydecorations.shapes.code.tex
(c:/texlive/2025/texmf-dist/tex/generic/pgf/libraries/decorations/pgflibrarydec
orations.shapes.code.tex))
(c:/texlive/2025/texmf-dist/tex/generic/pgf/frontendlayer/tikz/libraries/tikzli
brarydecorations.text.code.tex
(c:/texlive/2025/texmf-dist/tex/generic/pgf/libraries/decorations/pgflibrarydec
orations.text.code.tex
\pgf@lib@dec@text@box=\box125
)
\tikz@lib@dec@te@box=\box126
)
(c:/texlive/2025/texmf-dist/tex/generic/pgf/frontendlayer/tikz/libraries/tikzli
brarydecorations.pathmorphing.code.tex
(c:/texlive/2025/texmf-dist/tex/generic/pgf/libraries/decorations/pgflibrarydec
orations.pathmorphing.code.tex))
(c:/texlive/2025/texmf-dist/tex/generic/pgf/frontendlayer/tikz/libraries/tikzli
braryintersections.code.tex
(c:/texlive/2025/texmf-dist/tex/generic/pgf/libraries/pgflibraryintersections.c
ode.tex
(c:/texlive/2025/texmf-dist/tex/generic/pgf/libraries/pgflibraryfpu.code.tex)
\pgf@intersect@solutions=\count373
))
(c:/texlive/2025/texmf-dist/tex/generic/pgf/frontendlayer/tikz/libraries/tikzli
brarymath.code.tex
(c:/texlive/2025/texmf-dist/tex/generic/pgf/frontendlayer/tikz/libraries/tikzli
braryfpu.code.tex)
\tikz@math@for@depth=\count374
\tikz@math@dimen=\dimen348
\tikz@math@toks=\toks56
)
(c:/texlive/2025/texmf-dist/tex/generic/pgf/frontendlayer/tikz/libraries/tikzli
braryplotmarks.code.tex
File: tikzlibraryplotmarks.code.tex 2025-08-29 v3.1.11a (3.1.11a)

(c:/texlive/2025/texmf-dist/tex/generic/pgf/libraries/pgflibraryplotmarks.code.
tex
File: pgflibraryplotmarks.code.tex 2025-08-29 v3.1.11a (3.1.11a)
))
(c:/texlive/2025/texmf-dist/tex/generic/pgf/frontendlayer/tikz/libraries/tikzli
brarypositioning.code.tex
File: tikzlibrarypositioning.code.tex 2025-08-29 v3.1.11a (3.1.11a)
)
(c:/texlive/2025/texmf-dist/tex/generic/pgf/frontendlayer/tikz/libraries/tikzli
braryshapes.misc.code.tex
File: tikzlibraryshapes.misc.code.tex 2025-08-29 v3.1.11a (3.1.11a)

(c:/texlive/2025/texmf-dist/tex/generic/pgf/libraries/shapes/pgflibraryshapes.m
isc.code.tex
File: pgflibraryshapes.misc.code.tex 2025-08-29 v3.1.11a (3.1.11a)
))
(c:/texlive/2025/texmf-dist/tex/generic/pgf/frontendlayer/tikz/libraries/tikzli
brarythrough.code.tex
File: tikzlibrarythrough.code.tex 2025-08-29 v3.1.11a (3.1.11a)
)
(c:/texlive/2025/texmf-dist/tex/latex/l3packages/xfp/xfp.sty
(c:/texlive/2025/texmf-dist/tex/latex/l3kernel/expl3.sty
Package: expl3 2026-01-19 L3 programming layer (loader) 

(c:/texlive/2025/texmf-dist/tex/latex/l3backend/l3backend-pdftex.def
File: l3backend-pdftex.def 2025-10-09 L3 backend support: PDF output (pdfTeX)
\l__color_backend_stack_int=\count375
))
Package: xfp 2025-10-09 L3 Floating point unit
)
(c:/texlive/2025/texmf-dist/tex/latex/xpatch/xpatch.sty
Package: xpatch 2020/03/25 v0.3a Extending etoolbox patching commands

(c:/texlive/2025/texmf-dist/tex/latex/l3packages/xparse/xparse.sty
Package: xparse 2025-10-09 L3 Experimental document command parser
))
\tkzRadius=\dimen349
\tkzLength=\dimen350
\tkz@radi=\dimen351
\tkz@ax=\dimen352
\tkz@ay=\dimen353
\tkz@bx=\dimen354
\tkz@by=\dimen355
\tkz@cx=\dimen356
\tkz@cy=\dimen357
\tkz@dx=\dimen358
\tkz@dy=\dimen359
\tkz@cntmk=\count376

Local configuration file tkz-euclide.cfg found and used
(c:/texlive/2025/texmf-dist/tex/latex/tkz-euclide/tkz-euclide.cfg
2026/01/25 5.13c tkz-euclide.cfg
) (c:/texlive/2025/texmf-dist/tex/latex/tkz-euclide/tkz-tools-eu-base.tex
2026/01/25 5.13c tkz-tools-eu-base.tex
) (c:/texlive/2025/texmf-dist/tex/latex/tkz-euclide/tkz-tools-eu-utilities.tex
2026/01/25 5.13c tkz-tools-eu-utilities.tex
) (c:/texlive/2025/texmf-dist/tex/latex/tkz-euclide/tkz-tools-eu-BB.tex
2026/01/25 5.13c tkz-obj-eu-BB.tex
) (c:/texlive/2025/texmf-dist/tex/latex/tkz-euclide/tkz-obj-eu-grids.tex
2026/01/25 5.13c tkz-obj-eu-grids.tex
) (c:/texlive/2025/texmf-dist/tex/latex/tkz-euclide/tkz-lib-eu-marks.tex
2026/01/25 5.13c tkz-lib-eu-marks.tex
) (c:/texlive/2025/texmf-dist/tex/latex/tkz-euclide/tkz-tools-eu-text.tex
2026/01/25 5.13c tkz-tools-eu-text.tex
) (c:/texlive/2025/texmf-dist/tex/latex/tkz-euclide/tkz-lib-eu-shape.tex
2026/01/25 5.13c tkz-lib-eu-shape.tex
) (c:/texlive/2025/texmf-dist/tex/latex/tkz-euclide/tkz-obj-eu-axesmin.tex
2026/01/25 5.13c tkz-obj-eu-axesmin
) (c:/texlive/2025/texmf-dist/tex/latex/tkz-euclide/tkz-tools-eu-colors.tex
2026/01/25 5.13c tkz-tools-eu-colors
) (c:/texlive/2025/texmf-dist/tex/latex/tkz-euclide/tkz-obj-eu-points.tex
2026/01/25 5.13c tkz-obj-eu-points.tex
) (c:/texlive/2025/texmf-dist/tex/latex/tkz-euclide/tkz-draw-eu-points.tex
2026/01/25 5.13c tkz-draw-eu-points.tex
) (c:/texlive/2025/texmf-dist/tex/latex/tkz-euclide/tkz-obj-eu-points.tex
2026/01/25 5.13c tkz-obj-eu-points.tex
) (c:/texlive/2025/texmf-dist/tex/latex/tkz-euclide/tkz-obj-eu-points-by.tex
2026/01/25 5.13c tkz-tools-eu-points-by.tex
) (c:/texlive/2025/texmf-dist/tex/latex/tkz-euclide/tkz-tools-eu-math.tex
2026/01/25 5.13c tkz-tools-eu-math.tex
)
(c:/texlive/2025/texmf-dist/tex/latex/tkz-euclide/tkz-tools-eu-intersections.te
x
2026/01/25 5.13c tkz-tools-eu-intersections.tex
) (c:/texlive/2025/texmf-dist/tex/latex/tkz-euclide/tkz-obj-eu-points-with.tex
2026/01/25 5.13c tkz-obj-eu-points-with.tex
) (c:/texlive/2025/texmf-dist/tex/latex/tkz-euclide/tkz-obj-eu-points-spc.tex
2026/01/25 5.13c tkz-obj-el-points.tex
) (c:/texlive/2025/texmf-dist/tex/latex/tkz-euclide/tkz-tools-eu-angles.tex
2026/01/25 5.13c tkz-tools-eu-angles.tex
) (c:/texlive/2025/texmf-dist/tex/latex/tkz-euclide/tkz-obj-eu-circles.tex
2026/01/25 5.13c tkz-obj-eu-circles.tex
) (c:/texlive/2025/texmf-dist/tex/latex/tkz-euclide/tkz-obj-eu-circles-by.tex
2026/01/25 5.13c tkz-obj-eu-circles.tex
) (c:/texlive/2025/texmf-dist/tex/latex/tkz-euclide/tkz-obj-eu-points-rnd.tex
2026/01/25 5.13c tkz-obj-eu-points-rnd.tex
) (c:/texlive/2025/texmf-dist/tex/latex/tkz-euclide/tkz-obj-eu-lines.tex
2026/01/25 5.13c tkz-obj-eu-lines.tex
) (c:/texlive/2025/texmf-dist/tex/latex/tkz-euclide/tkz-obj-eu-polygons.tex
2026/01/25 5.13c tkz-obj-eu-polygons.tex
) (c:/texlive/2025/texmf-dist/tex/latex/tkz-euclide/tkz-obj-eu-triangles.tex
2026/01/25 5.13c tkz-obj-eu-triangles.tex
) (c:/texlive/2025/texmf-dist/tex/latex/tkz-euclide/tkz-draw-eu-lines.tex
2026/01/25 5.13c tkz-obj-eu-draw-lines.tex
) (c:/texlive/2025/texmf-dist/tex/latex/tkz-euclide/tkz-draw-eu-circles.tex
2026/01/25 5.13c tkz-obj-eu-draw-circles.tex
) (c:/texlive/2025/texmf-dist/tex/latex/tkz-euclide/tkz-draw-eu-ellipses.tex
2026/01/25 5.13c tkz-obj-eu-draw-ellipses.tex
) (c:/texlive/2025/texmf-dist/tex/latex/tkz-euclide/tkz-draw-eu-polygons.tex
2026/01/25 5.13c tkz-obj-eu-polygons.tex
) (c:/texlive/2025/texmf-dist/tex/latex/tkz-euclide/tkz-draw-eu-arcs.tex
2026/01/25 5.13c tkz-tool-eu-arcs.tex
) (c:/texlive/2025/texmf-dist/tex/latex/tkz-euclide/tkz-draw-eu-angles.tex
2026/01/25 5.13c tkz-tool-eu-angles.tex
) (c:/texlive/2025/texmf-dist/tex/latex/tkz-euclide/tkz-draw-eu-sectors.tex
2026/01/25 5.13c tkz-obj-eu-sectors.tex
) (c:/texlive/2025/texmf-dist/tex/latex/tkz-euclide/tkz-draw-eu-compass.tex
2026/01/25 5.13c tkz-obj-eu-compass.tex
) (c:/texlive/2025/texmf-dist/tex/latex/tkz-euclide/tkz-draw-eu-show.tex
2026/01/25 5.13c tkz-obj-eu-show.tex
) (c:/texlive/2025/texmf-dist/tex/latex/tkz-euclide/tkz-draw-eu-protractor.tex
2026/01/25 5.13c tkz-obj-eu-protractor.tex
)) (c:/texlive/2025/texmf-dist/tex/latex/stackengine/stackengine.sty
Package: stackengine 2021/07/22 v4.11\ Stacking text and objects in convenient 
ways

(c:/texlive/2025/texmf-dist/tex/generic/listofitems/listofitems.sty
(c:/texlive/2025/texmf-dist/tex/generic/listofitems/listofitems.tex
\loi_cnt_foreach_nest=\count377
\loi_nestcnt=\count378
)
Package: listofitems 2024/03/09 v1.65 Grab items in lists using user-specified 
sep char (CT)
)
\c@@stackindex=\count379
\@boxshift=\skip75
\stack@tmplength=\skip76
\temp@stkl=\skip77
\@stackedboxwidth=\skip78
\@addedbox=\box127
\@anchorbox=\box128
\@insetbox=\box129
\se@backgroundbox=\box130
\stackedbox=\box131
\@centerbox=\box132
\c@ROWcellindex@=\count380
)
(c:/texlive/2025/texmf-dist/tex/generic/pgf/frontendlayer/tikz/libraries/tikzli
brarybabel.code.tex
File: tikzlibrarybabel.code.tex 2025-08-29 v3.1.11a (3.1.11a)
)) (./dop.tex
(c:/texlive/2025/texmf-dist/tex/latex/pgfplots/pgfplots.sty
(c:/texlive/2025/texmf-dist/tex/generic/pgfplots/pgfplots.revision.tex)
Package: pgfplots 2025/08/14 v1.18.2 Data Visualization (1.18.2)

(c:/texlive/2025/texmf-dist/tex/generic/pgfplots/pgfplots.code.tex
(c:/texlive/2025/texmf-dist/tex/generic/pgfplots/pgfplotscore.code.tex
\t@pgfplots@toka=\toks57
\t@pgfplots@tokb=\toks58
\t@pgfplots@tokc=\toks59
\pgfplots@tmpa=\dimen360
\c@pgfplots@coordindex=\count381
\c@pgfplots@scanlineindex=\count382

(c:/texlive/2025/texmf-dist/tex/generic/pgfplots/sys/pgfplotssysgeneric.code.te
x))
(c:/texlive/2025/texmf-dist/tex/generic/pgfplots/libs/pgfplotslibrary.code.tex)

(c:/texlive/2025/texmf-dist/tex/generic/pgfplots/oldpgfcompatib/pgfplotsoldpgfs
upp_loader.code.tex
(c:/texlive/2025/texmf-dist/tex/generic/pgfplots/oldpgfcompatib/pgfplotsoldpgfs
upp_pgfutil-common-lists.tex))
(c:/texlive/2025/texmf-dist/tex/generic/pgfplots/util/pgfplotsutil.code.tex
(c:/texlive/2025/texmf-dist/tex/generic/pgfplots/liststructure/pgfplotsliststru
cture.code.tex)
(c:/texlive/2025/texmf-dist/tex/generic/pgfplots/liststructure/pgfplotsliststru
ctureext.code.tex)
(c:/texlive/2025/texmf-dist/tex/generic/pgfplots/liststructure/pgfplotsarray.co
de.tex
\c@pgfplotsarray@tmp=\count383
)
(c:/texlive/2025/texmf-dist/tex/generic/pgfplots/liststructure/pgfplotsmatrix.c
ode.tex)
(c:/texlive/2025/texmf-dist/tex/generic/pgfplots/numtable/pgfplotstableshared.c
ode.tex
\c@pgfplotstable@counta=\count384
\t@pgfplotstable@a=\toks60
)
(c:/texlive/2025/texmf-dist/tex/generic/pgfplots/liststructure/pgfplotsdeque.co
de.tex)
(c:/texlive/2025/texmf-dist/tex/generic/pgfplots/util/pgfplotsbinary.code.tex
(c:/texlive/2025/texmf-dist/tex/generic/pgfplots/util/pgfplotsbinary.data.code.
tex))
(c:/texlive/2025/texmf-dist/tex/generic/pgfplots/util/pgfplotsutil.verb.code.te
x)
(c:/texlive/2025/texmf-dist/tex/generic/pgfplots/libs/pgflibrarypgfplots.surfsh
ading.code.tex
\c@pgfplotslibrarysurf@no=\count385

(c:/texlive/2025/texmf-dist/tex/generic/pgfplots/sys/pgflibrarypgfplots.surfsha
ding.pgfsys-pdftex.def)))
(c:/texlive/2025/texmf-dist/tex/generic/pgfplots/util/pgfplotscolormap.code.tex
(c:/texlive/2025/texmf-dist/tex/generic/pgfplots/util/pgfplotscolor.code.tex))
(c:/texlive/2025/texmf-dist/tex/generic/pgfplots/pgfplotsstackedplots.code.tex)
(c:/texlive/2025/texmf-dist/tex/generic/pgfplots/pgfplotsplothandlers.code.tex
(c:/texlive/2025/texmf-dist/tex/generic/pgfplots/pgfplotsmeshplothandler.code.t
ex
(c:/texlive/2025/texmf-dist/tex/generic/pgfplots/pgfplotsmeshplotimage.code.tex
))) (c:/texlive/2025/texmf-dist/tex/generic/pgfplots/pgfplots.scaling.code.tex)

(c:/texlive/2025/texmf-dist/tex/generic/pgfplots/pgfplotscoordprocessing.code.t
ex)
(c:/texlive/2025/texmf-dist/tex/generic/pgfplots/pgfplots.errorbars.code.tex)
(c:/texlive/2025/texmf-dist/tex/generic/pgfplots/pgfplots.markers.code.tex)
(c:/texlive/2025/texmf-dist/tex/generic/pgfplots/pgfplotsticks.code.tex)
(c:/texlive/2025/texmf-dist/tex/generic/pgfplots/pgfplots.paths.code.tex)
(c:/texlive/2025/texmf-dist/tex/generic/pgfplots/libs/tikzlibrarypgfplots.conto
urlua.code.tex)
\pgfplots@numplots=\count386
\pgfplots@xmin@reg=\dimen361
\pgfplots@xmax@reg=\dimen362
\pgfplots@ymin@reg=\dimen363
\pgfplots@ymax@reg=\dimen364
\pgfplots@zmin@reg=\dimen365
\pgfplots@zmax@reg=\dimen366
)))
No file phystech_12lecture.aux.
\openout1 = `phystech_12lecture.aux'.

LaTeX Font Info:    Checking defaults for OML/cmm/m/it on input line 4.
LaTeX Font Info:    ... okay on input line 4.
LaTeX Font Info:    Checking defaults for OMS/cmsy/m/n on input line 4.
LaTeX Font Info:    ... okay on input line 4.
LaTeX Font Info:    Checking defaults for OT1/cmr/m/n on input line 4.
LaTeX Font Info:    ... okay on input line 4.
LaTeX Font Info:    Checking defaults for T1/cmr/m/n on input line 4.
LaTeX Font Info:    ... okay on input line 4.
LaTeX Font Info:    Checking defaults for TS1/cmr/m/n on input line 4.
LaTeX Font Info:    ... okay on input line 4.
LaTeX Font Info:    Checking defaults for OMX/cmex/m/n on input line 4.
LaTeX Font Info:    ... okay on input line 4.
LaTeX Font Info:    Checking defaults for U/cmr/m/n on input line 4.
LaTeX Font Info:    ... okay on input line 4.
LaTeX Font Info:    Checking defaults for T2A/cmr/m/n on input line 4.
LaTeX Font Info:    ... okay on input line 4.
LaTeX Font Info:    Checking defaults for PD1/pdf/m/n on input line 4.
LaTeX Font Info:    ... okay on input line 4.
LaTeX Font Info:    Checking defaults for PU/pdf/m/n on input line 4.
LaTeX Font Info:    ... okay on input line 4.
Package babel Info: 'russian' activates 'russian' shorthands.
(babel)             Reported on input line 4.
LaTeX Info: Redefining \th on input line 4.
(c:/texlive/2025/texmf-dist/tex/context/base/mkii/supp-pdf.mkii
[Loading MPS to PDF converter (version 2006.09.02).]
\scratchcounter=\count387
\scratchdimen=\dimen367
\scratchbox=\box133
\nofMPsegments=\count388
\nofMParguments=\count389
\everyMPshowfont=\toks61
\MPscratchCnt=\count390
\MPscratchDim=\dimen368
\MPnumerator=\count391
\makeMPintoPDFobject=\count392
\everyMPtoPDFconversion=\toks62
) (c:/texlive/2025/texmf-dist/tex/latex/epstopdf-pkg/epstopdf-base.sty
Package: epstopdf-base 2020-01-24 v2.11 Base part for package epstopdf
Package epstopdf-base Info: Redefining graphics rule for `.eps' on input line 4
85.

(c:/texlive/2025/texmf-dist/tex/latex/latexconfig/epstopdf-sys.cfg
File: epstopdf-sys.cfg 2010/07/13 v1.3 Configuration of (r)epstopdf for TeX Liv
e
))
*geometry* driver: auto-detecting
*geometry* detected driver: pdftex
*geometry* verbose mode - [ preamble ] result:
* driver: pdftex
* paper: a4paper
* layout: <same size as paper>
* layoutoffset:(h,v)=(0.0pt,0.0pt)
* modes: 
* h-part:(L,W,R)=(56.9055pt, 483.69687pt, 56.9055pt)
* v-part:(T,H,B)=(71.13188pt, 688.5567pt, 85.35826pt)
* \paperwidth=597.50787pt
* \paperheight=845.04684pt
* \textwidth=483.69687pt
* \textheight=688.5567pt
* \oddsidemargin=-15.36449pt
* \evensidemargin=-15.36449pt
* \topmargin=-38.1381pt
* \headheight=12.0pt
* \headsep=25.0pt
* \topskip=12.0pt
* \footskip=30.0pt
* \marginparwidth=35.0pt
* \marginparsep=10.0pt
* \columnsep=10.0pt
* \skip\footins=10.8pt plus 4.0pt minus 2.0pt
* \hoffset=0.0pt
* \voffset=0.0pt
* \mag=1000
* \@twocolumnfalse
* \@twosidefalse
* \@mparswitchfalse
* \@reversemarginfalse
* (1in=72.27pt=25.4mm, 1cm=28.453pt)

Package hyperref Info: Link coloring ON on input line 4.
\@outlinefile=\write4
\openout4 = `phystech_12lecture.out'.

Package pgfplots notification 'compat/show suggested version=true': document ha
s been generated with the most recent feature set (\pgfplotsset{compat=1.18}).

<<ot1.cmap>><<oml.cmap>><<oms.cmap>><<omx.cmap>>

LaTeX Font Warning: Font shape `T2A/cmr/m/up' undefined
(Font)              using `T2A/cmr/m/n' instead on input line 8.

LaTeX Font Info:    Trying to load font information for OML+cmr on input line 8
.
(c:/texlive/2025/texmf-dist/tex/latex/base/omlcmr.fd
File: omlcmr.fd 2024/11/19 v2.5n Standard LaTeX font definitions
)

LaTeX Font Warning: Font shape `OML/cmr/m/up' undefined
(Font)              using `OML/cmr/m/it' instead on input line 8.

LaTeX Font Info:    Font shape `OML/cmr/m/it' in size <12> not available
(Font)              Font shape `OML/cmm/m/it' tried instead on input line 8.
LaTeX Font Info:    Font shape `OML/cmr/m/up' in size <8> not available
(Font)              Font shape `OML/cmm/m/it' tried instead on input line 8.
LaTeX Font Info:    Font shape `OML/cmr/m/up' in size <6> not available
(Font)              Font shape `OML/cmm/m/it' tried instead on input line 8.
LaTeX Font Info:    Trying to load font information for OMS+cmr on input line 8
.
(c:/texlive/2025/texmf-dist/tex/latex/base/omscmr.fd
File: omscmr.fd 2024/11/19 v2.5n Standard LaTeX font definitions
)

LaTeX Font Warning: Font shape `OMS/cmr/m/up' undefined
(Font)              using `OMS/cmr/m/n' instead on input line 8.

LaTeX Font Info:    Font shape `OMS/cmr/m/n' in size <12> not available
(Font)              Font shape `OMS/cmsy/m/n' tried instead on input line 8.
LaTeX Font Info:    Font shape `OMS/cmr/m/up' in size <8> not available
(Font)              Font shape `OMS/cmsy/m/n' tried instead on input line 8.
LaTeX Font Info:    Font shape `OMS/cmr/m/up' in size <6> not available
(Font)              Font shape `OMS/cmsy/m/n' tried instead on input line 8.
LaTeX Font Info:    Trying to load font information for U+msa on input line 8.
(c:/texlive/2025/texmf-dist/tex/latex/amsfonts/umsa.fd
File: umsa.fd 2013/01/14 v3.01 AMS symbols A
)
LaTeX Font Info:    Trying to load font information for U+msb on input line 8.

(c:/texlive/2025/texmf-dist/tex/latex/amsfonts/umsb.fd
File: umsb.fd 2013/01/14 v3.01 AMS symbols B
)
LaTeX Font Info:    Trying to load font information for U+stmry on input line 8
.

(c:/texlive/2025/texmf-dist/tex/latex/stmaryrd/Ustmry.fd)
LaTeX Font Info:    Trying to load font information for U+esvect on input line 
8.

(c:/texlive/2025/texmf-dist/tex/latex/esvect/uesvect.fd
File: uesvect.fd 
)
LaTeX Font Info:    Trying to load font information for PD1+cmr on input line 8
.
LaTeX Font Info:    No file PD1cmr.fd. on input line 8.


LaTeX Font Warning: Font shape `PD1/cmr/m/up' undefined
(Font)              using `PD1/pdf/m/n' instead on input line 8.

LaTeX Font Info:    Trying to load font information for PU+cmr on input line 8.

LaTeX Font Info:    No file PUcmr.fd. on input line 8.

LaTeX Font Warning: Font shape `PU/cmr/m/up' undefined
(Font)              using `PU/pdf/m/n' instead on input line 8.


! LaTeX Error: Invalid UTF-8 byte sequence (С\egroup).

See the LaTeX manual or LaTeX Companion for explanation.
Type  H <return>  for immediate help.
 ...                                              
                                                  
l.8 	РџСѓСЃС‚СЊ С„РёР·С‚РµС….$f\in\mc С
                                       „РёР·С‚РµС….R[a,b],\ С„РёР·С‚РµС….a<b...

The document does not appear to be in UTF-8 encoding.
Try adding \UseRawInputEncoding as the first line of the file
or specify an encoding such as \usepackage [latin1]{inputenc}
in the document preamble.
Alternatively, save the file in UTF-8 using your editor or another tool


! LaTeX Error: Invalid UTF-8 byte "84.

See the LaTeX manual or LaTeX Companion for explanation.
Type  H <return>  for immediate help.
 ...                                              
                                                  
l.8 	РџСѓСЃС‚СЊ С„РёР·С‚РµС….$f\in\mc С„
                                        РёР·С‚РµС….R[a,b],\ С„РёР·С‚РµС….a<b...

The document does not appear to be in UTF-8 encoding.
Try adding \UseRawInputEncoding as the first line of the file
or specify an encoding such as \usepackage [latin1]{inputenc}
in the document preamble.
Alternatively, save the file in UTF-8 using your editor or another tool


LaTeX Warning: Command \cyri invalid in math mode on input line 8.


LaTeX Warning: Command \cyrz invalid in math mode on input line 8.


LaTeX Warning: Command \cyrt invalid in math mode on input line 8.


LaTeX Warning: Command \cyre invalid in math mode on input line 8.


LaTeX Warning: Command \cyrh invalid in math mode on input line 8.


LaTeX Warning: Command \cyrf invalid in math mode on input line 8.


LaTeX Warning: Command \cyri invalid in math mode on input line 8.


LaTeX Warning: Command \cyrz invalid in math mode on input line 8.


LaTeX Warning: Command \cyrt invalid in math mode on input line 8.


LaTeX Warning: Command \cyre invalid in math mode on input line 8.


LaTeX Warning: Command \cyrh invalid in math mode on input line 8.

! Missing } inserted.
<inserted text> 
                }
l.8 ...Р·С‚РµС….R[a,b],\ С„РёР·С‚РµС….a<b<+\infty$
                                                   С„РёР·С‚РµС….Рё С„РёР·С‚Р...
I've inserted something that you may have forgotten.
(See the <inserted text> above.)
With luck, this will get me unwedged. But if you
really didn't forget anything, try typing `2' now; then
my insertion and my current dilemma will both disappear.

Missing character: There is no и in font cmr12!
Missing character: There is no з in font cmr12!
Missing character: There is no т in font cmr12!
Missing character: There is no е in font cmr12!
Missing character: There is no х in font cmr12!
Missing character: There is no ф in font cmr12!
Missing character: There is no и in font cmr12!
Missing character: There is no з in font cmr12!
Missing character: There is no т in font cmr12!
Missing character: There is no е in font cmr12!
Missing character: There is no х in font cmr12!

Overfull \hbox (41.94116pt too wide) in paragraph at lines 11--12
[]\T2A/cmr/m/it/12 физтех.$[][] \OML/cmm/m/it/12 f\OT1/cmr/m/n/12 (\OML/cmm/m/i
t/12 x\OT1/cmr/m/n/12 )\OML/cmm/m/it/12 dx \OMS/cmsy/m/n/12 6\OT1/cmr/m/n/12 = 
0$\T2A/cmr/m/it/12 , физ-тех.то физтех.$[][] \OML/cmm/m/it/12 f\OT1/cmr/m/n/12 
(\OML/cmm/m/it/12 x\OT1/cmr/m/n/12 )\OML/cmm/m/it/12 g\OT1/cmr/m/n/12 (\OML/cmm
/m/it/12 x\OT1/cmr/m/n/12 )\OML/cmm/m/it/12 dx$ \T2A/cmr/m/it/12 физ-тех.и физт
ех.$[][] \OML/cmm/m/it/12 g\OT1/cmr/m/n/12 (\OML/cmm/m/it/12 x\OT1/cmr/m/n/12 )
\OML/cmm/m/it/12 dx$
 []


LaTeX Warning: Command \cyrf invalid in math mode on input line 16.


LaTeX Warning: Command \cyri invalid in math mode on input line 16.


LaTeX Warning: Command \cyrz invalid in math mode on input line 16.


LaTeX Warning: Command \cyrt invalid in math mode on input line 16.


LaTeX Warning: Command \cyre invalid in math mode on input line 16.


LaTeX Warning: Command \cyrh invalid in math mode on input line 16.


LaTeX Warning: Command \cyrf invalid in math mode on input line 16.


LaTeX Warning: Command \cyri invalid in math mode on input line 16.


LaTeX Warning: Command \cyrz invalid in math mode on input line 16.


LaTeX Warning: Command \cyrt invalid in math mode on input line 16.


LaTeX Warning: Command \cyre invalid in math mode on input line 16.


LaTeX Warning: Command \cyrh invalid in math mode on input line 16.

Missing character: There is no ф in font cmr12!
Missing character: There is no и in font cmr12!
Missing character: There is no з in font cmr12!
Missing character: There is no т in font cmr12!
Missing character: There is no е in font cmr12!
Missing character: There is no х in font cmr12!
Missing character: There is no ф in font cmr12!
Missing character: There is no и in font cmr12!
Missing character: There is no з in font cmr12!
Missing character: There is no т in font cmr12!
Missing character: There is no е in font cmr12!
Missing character: There is no х in font cmr12!

LaTeX Warning: Command \cyrf invalid in math mode on input line 17.


LaTeX Warning: Command \cyri invalid in math mode on input line 17.


LaTeX Warning: Command \cyrz invalid in math mode on input line 17.


LaTeX Warning: Command \cyrt invalid in math mode on input line 17.


LaTeX Warning: Command \cyre invalid in math mode on input line 17.


LaTeX Warning: Command \cyrh invalid in math mode on input line 17.


LaTeX Warning: Command \cyrf invalid in math mode on input line 17.


LaTeX Warning: Command \cyri invalid in math mode on input line 17.


LaTeX Warning: Command \cyrz invalid in math mode on input line 17.


LaTeX Warning: Command \cyrt invalid in math mode on input line 17.


LaTeX Warning: Command \cyre invalid in math mode on input line 17.


LaTeX Warning: Command \cyrh invalid in math mode on input line 17.


LaTeX Warning: Command \cyrf invalid in math mode on input line 17.


LaTeX Warning: Command \cyri invalid in math mode on input line 17.


LaTeX Warning: Command \cyrz invalid in math mode on input line 17.


LaTeX Warning: Command \cyrt invalid in math mode on input line 17.


LaTeX Warning: Command \cyre invalid in math mode on input line 17.


LaTeX Warning: Command \cyrh invalid in math mode on input line 17.


LaTeX Warning: Command \cyrf invalid in math mode on input line 17.


LaTeX Warning: Command \cyri invalid in math mode on input line 17.


LaTeX Warning: Command \cyrz invalid in math mode on input line 17.


LaTeX Warning: Command \cyrt invalid in math mode on input line 17.


LaTeX Warning: Command \cyre invalid in math mode on input line 17.


LaTeX Warning: Command \cyrh invalid in math mode on input line 17.

Missing character: There is no ф in font cmr12!
Missing character: There is no и in font cmr12!
Missing character: There is no з in font cmr12!
Missing character: There is no т in font cmr12!
Missing character: There is no е in font cmr12!
Missing character: There is no х in font cmr12!
Missing character: There is no ф in font cmr12!
Missing character: There is no и in font cmr12!
Missing character: There is no з in font cmr12!
Missing character: There is no т in font cmr12!
Missing character: There is no е in font cmr12!
Missing character: There is no х in font cmr12!
Missing character: There is no ф in font cmr12!
Missing character: There is no и in font cmr12!
Missing character: There is no з in font cmr12!
Missing character: There is no т in font cmr12!
Missing character: There is no е in font cmr12!
Missing character: There is no х in font cmr12!
Missing character: There is no ф in font cmr12!
Missing character: There is no и in font cmr12!
Missing character: There is no з in font cmr12!
Missing character: There is no т in font cmr12!
Missing character: There is no е in font cmr12!
Missing character: There is no х in font cmr12!

LaTeX Warning: Command \cyrf invalid in math mode on input line 28.


LaTeX Warning: Command \cyri invalid in math mode on input line 28.


LaTeX Warning: Command \cyrz invalid in math mode on input line 28.


LaTeX Warning: Command \cyrt invalid in math mode on input line 28.


LaTeX Warning: Command \cyre invalid in math mode on input line 28.


LaTeX Warning: Command \cyrh invalid in math mode on input line 28.


LaTeX Warning: Command \cyrf invalid in math mode on input line 28.


LaTeX Warning: Command \cyri invalid in math mode on input line 28.


LaTeX Warning: Command \cyrz invalid in math mode on input line 28.


LaTeX Warning: Command \cyrt invalid in math mode on input line 28.


LaTeX Warning: Command \cyre invalid in math mode on input line 28.


LaTeX Warning: Command \cyrh invalid in math mode on input line 28.


! LaTeX Error: Invalid UTF-8 byte sequence (С\endgroup).

See the LaTeX manual or LaTeX Companion for explanation.
Type  H <return>  for immediate help.
 ...                                              
                                                  
l.28 ...\neq0,\ С„РёР·С‚РµС….f_1(x):=f(x)-\frac С„
                                                  РёР·С‚РµС….K\omega$\\
The document does not appear to be in UTF-8 encoding.
Try adding \UseRawInputEncoding as the first line of the file
or specify an encoding such as \usepackage [latin1]{inputenc}
in the document preamble.
Alternatively, save the file in UTF-8 using your editor or another tool


! LaTeX Error: Invalid UTF-8 byte "84.

See the LaTeX manual or LaTeX Companion for explanation.
Type  H <return>  for immediate help.
 ...                                              
                                                  
l.28 ...\neq0,\ С„РёР·С‚РµС….f_1(x):=f(x)-\frac С„
                                                  РёР·С‚РµС….K\omega$\\
The document does not appear to be in UTF-8 encoding.
Try adding \UseRawInputEncoding as the first line of the file
or specify an encoding such as \usepackage [latin1]{inputenc}
in the document preamble.
Alternatively, save the file in UTF-8 using your editor or another tool

! Extra }, or forgotten \endgroup.
\frac  #1#2->{\begingroup #1\endgroup \@@over #2}
                                                 
l.28 ...\neq0,\ С„РёР·С‚РµС….f_1(x):=f(x)-\frac С„
                                                  РёР·С‚РµС….K\omega$\\
I've deleted a group-closing symbol because it seems to be
spurious, as in `$x}$'. But perhaps the } is legitimate and
you forgot something else, as in `\hbox{$x}'. In such cases
the way to recover is to insert both the forgotten and the
deleted material, e.g., by typing `I$}'.


LaTeX Warning: Command \cyri invalid in math mode on input line 28.


LaTeX Warning: Command \cyrz invalid in math mode on input line 28.


LaTeX Warning: Command \cyrt invalid in math mode on input line 28.


LaTeX Warning: Command \cyre invalid in math mode on input line 28.


LaTeX Warning: Command \cyrh invalid in math mode on input line 28.

! Missing \endgroup inserted.
<inserted text> 
                \endgroup 
l.28 ...….f_1(x):=f(x)-\frac С„РёР·С‚РµС….K\omega$
                                                  \\
I've inserted something that you may have forgotten.
(See the <inserted text> above.)
With luck, this will get me unwedged. But if you
really didn't forget anything, try typing `2' now; then
my insertion and my current dilemma will both disappear.

! Missing } inserted.
<inserted text> 
                }
l.28 ...….f_1(x):=f(x)-\frac С„РёР·С‚РµС….K\omega$
                                                  \\
I've inserted something that you may have forgotten.
(See the <inserted text> above.)
With luck, this will get me unwedged. But if you
really didn't forget anything, try typing `2' now; then
my insertion and my current dilemma will both disappear.

Missing character: There is no ф in font cmr12!
Missing character: There is no и in font cmr12!
Missing character: There is no з in font cmr12!
Missing character: There is no т in font cmr12!
Missing character: There is no е in font cmr12!
Missing character: There is no х in font cmr12!
Missing character: There is no ф in font cmr12!
Missing character: There is no и in font cmr12!
Missing character: There is no з in font cmr12!
Missing character: There is no т in font cmr12!
Missing character: There is no е in font cmr12!
Missing character: There is no х in font cmr12!
Missing character: There is no и in font cmr12!
Missing character: There is no з in font cmr12!
Missing character: There is no т in font cmr12!
Missing character: There is no е in font cmr12!
Missing character: There is no х in font cmr12!

Underfull \hbox (badness 10000) in paragraph at lines 25--29

 []


! LaTeX Error: Invalid UTF-8 byte sequence (С\endgroup).

See the LaTeX manual or LaTeX Companion for explanation.
Type  H <return>  for immediate help.
 ...                                              
                                                  
l.29 ...}f_1(x)dx=\int_a^{a+\omega}f(x)dx-\frac С„
                                                  РёР·С‚РµС….K\omega\cdot\om...

The document does not appear to be in UTF-8 encoding.
Try adding \UseRawInputEncoding as the first line of the file
or specify an encoding such as \usepackage [latin1]{inputenc}
in the document preamble.
Alternatively, save the file in UTF-8 using your editor or another tool


! LaTeX Error: Invalid UTF-8 byte "84.

See the LaTeX manual or LaTeX Companion for explanation.
Type  H <return>  for immediate help.
 ...                                              
                                                  
l.29 ...}f_1(x)dx=\int_a^{a+\omega}f(x)dx-\frac С„
                                                  РёР·С‚РµС….K\omega\cdot\om...

The document does not appear to be in UTF-8 encoding.
Try adding \UseRawInputEncoding as the first line of the file
or specify an encoding such as \usepackage [latin1]{inputenc}
in the document preamble.
Alternatively, save the file in UTF-8 using your editor or another tool

! Extra }, or forgotten \endgroup.
\frac  #1#2->{\begingroup #1\endgroup \@@over #2}
                                                 
l.29 ...}f_1(x)dx=\int_a^{a+\omega}f(x)dx-\frac С„
                                                  РёР·С‚РµС….K\omega\cdot\om...
I've deleted a group-closing symbol because it seems to be
spurious, as in `$x}$'. But perhaps the } is legitimate and
you forgot something else, as in `\hbox{$x}'. In such cases
the way to recover is to insert both the forgotten and the
deleted material, e.g., by typing `I$}'.


LaTeX Warning: Command \cyri invalid in math mode on input line 29.


LaTeX Warning: Command \cyrz invalid in math mode on input line 29.


LaTeX Warning: Command \cyrt invalid in math mode on input line 29.


LaTeX Warning: Command \cyre invalid in math mode on input line 29.


LaTeX Warning: Command \cyrh invalid in math mode on input line 29.

! Missing \endgroup inserted.
<inserted text> 
                \endgroup 
l.29 ...-\frac С„РёР·С‚РµС….K\omega\cdot\omega=0\]
                                                  
I've inserted something that you may have forgotten.
(See the <inserted text> above.)
With luck, this will get me unwedged. But if you
really didn't forget anything, try typing `2' now; then
my insertion and my current dilemma will both disappear.

! Missing } inserted.
<inserted text> 
                }
l.29 ...-\frac С„РёР·С‚РµС….K\omega\cdot\omega=0\]
                                                  
I've inserted something that you may have forgotten.
(See the <inserted text> above.)
With luck, this will get me unwedged. But if you
really didn't forget anything, try typing `2' now; then
my insertion and my current dilemma will both disappear.

Missing character: There is no и in font cmr12!
Missing character: There is no з in font cmr12!
Missing character: There is no т in font cmr12!
Missing character: There is no е in font cmr12!
Missing character: There is no х in font cmr12!

! LaTeX Error: Invalid UTF-8 byte sequence (С\endgroup).

See the LaTeX manual or LaTeX Companion for explanation.
Type  H <return>  for immediate help.
 ...                                              
                                                  
l.31 ...g(x)dx=\int_a^{+\infty}f(x)g(x)dx-\frac С„
                                                  РёР·С‚РµС….K\omega\int_a^{...

The document does not appear to be in UTF-8 encoding.
Try adding \UseRawInputEncoding as the first line of the file
or specify an encoding such as \usepackage [latin1]{inputenc}
in the document preamble.
Alternatively, save the file in UTF-8 using your editor or another tool


! LaTeX Error: Invalid UTF-8 byte "84.

See the LaTeX manual or LaTeX Companion for explanation.
Type  H <return>  for immediate help.
 ...                                              
                                                  
l.31 ...g(x)dx=\int_a^{+\infty}f(x)g(x)dx-\frac С„
                                                  РёР·С‚РµС….K\omega\int_a^{...

The document does not appear to be in UTF-8 encoding.
Try adding \UseRawInputEncoding as the first line of the file
or specify an encoding such as \usepackage [latin1]{inputenc}
in the document preamble.
Alternatively, save the file in UTF-8 using your editor or another tool

! Extra }, or forgotten \endgroup.
\frac  #1#2->{\begingroup #1\endgroup \@@over #2}
                                                 
l.31 ...g(x)dx=\int_a^{+\infty}f(x)g(x)dx-\frac С„
                                                  РёР·С‚РµС….K\omega\int_a^{...
I've deleted a group-closing symbol because it seems to be
spurious, as in `$x}$'. But perhaps the } is legitimate and
you forgot something else, as in `\hbox{$x}'. In such cases
the way to recover is to insert both the forgotten and the
deleted material, e.g., by typing `I$}'.


LaTeX Warning: Command \cyri invalid in math mode on input line 31.


LaTeX Warning: Command \cyrz invalid in math mode on input line 31.


LaTeX Warning: Command \cyrt invalid in math mode on input line 31.


LaTeX Warning: Command \cyre invalid in math mode on input line 31.


LaTeX Warning: Command \cyrh invalid in math mode on input line 31.

! Missing \endgroup inserted.
<inserted text> 
                \endgroup 
l.31 ...„РёР·С‚РµС….K\omega\int_a^{+\infty}g(x)dx$
                                                  
I've inserted something that you may have forgotten.
(See the <inserted text> above.)
With luck, this will get me unwedged. But if you
really didn't forget anything, try typing `2' now; then
my insertion and my current dilemma will both disappear.

! Missing } inserted.
<inserted text> 
                }
l.31 ...„РёР·С‚РµС….K\omega\int_a^{+\infty}g(x)dx$
                                                  
I've inserted something that you may have forgotten.
(See the <inserted text> above.)
With luck, this will get me unwedged. But if you
really didn't forget anything, try typing `2' now; then
my insertion and my current dilemma will both disappear.

Missing character: There is no и in font cmr12!
Missing character: There is no з in font cmr12!
Missing character: There is no т in font cmr12!
Missing character: There is no е in font cmr12!
Missing character: There is no х in font cmr12!

Overfull \hbox (2.1774pt too wide) in paragraph at lines 29--33
\T2A/cmr/m/n/12 Теперь физ-тех.можем физ-тех.воспользоваться физ-тех.первым физ
-тех.пунктом физ-тех.для
 []


Overfull \hbox (18.83255pt too wide) in paragraph at lines 29--33
\T2A/cmr/m/n/12 При физ-тех.этом физ-тех.знаем: физтех.$[][] \OML/cmm/m/it/12 f
[]\OT1/cmr/m/n/12 (\OML/cmm/m/it/12 x\OT1/cmr/m/n/12 )\OML/cmm/m/it/12 g\OT1/cm
r/m/n/12 (\OML/cmm/m/it/12 x\OT1/cmr/m/n/12 )\OML/cmm/m/it/12 dx \OT1/cmr/m/n/1
2 = [][] \OML/cmm/m/it/12 f\OT1/cmr/m/n/12 (\OML/cmm/m/it/12 x\OT1/cmr/m/n/12 )
\OML/cmm/m/it/12 g\OT1/cmr/m/n/12 (\OML/cmm/m/it/12 x\OT1/cmr/m/n/12 )\OML/cmm/
m/it/12 dx \OMS/cmsy/m/n/12 ^^@ []$
 []


LaTeX Warning: Command \cyrf invalid in math mode on input line 35.


LaTeX Warning: Command \cyri invalid in math mode on input line 35.


LaTeX Warning: Command \cyrz invalid in math mode on input line 35.


LaTeX Warning: Command \cyrt invalid in math mode on input line 35.


LaTeX Warning: Command \cyre invalid in math mode on input line 35.


LaTeX Warning: Command \cyrh invalid in math mode on input line 35.


LaTeX Warning: Command \cyrf invalid in math mode on input line 35.


LaTeX Warning: Command \cyri invalid in math mode on input line 35.


LaTeX Warning: Command \cyrz invalid in math mode on input line 35.


LaTeX Warning: Command \cyrt invalid in math mode on input line 35.


LaTeX Warning: Command \cyre invalid in math mode on input line 35.


LaTeX Warning: Command \cyrh invalid in math mode on input line 35.


LaTeX Warning: Command \cyrf invalid in math mode on input line 35.


LaTeX Warning: Command \cyri invalid in math mode on input line 35.


LaTeX Warning: Command \cyrz invalid in math mode on input line 35.


LaTeX Warning: Command \cyrt invalid in math mode on input line 35.


LaTeX Warning: Command \cyre invalid in math mode on input line 35.


LaTeX Warning: Command \cyrh invalid in math mode on input line 35.


LaTeX Warning: Command \cyrf invalid in math mode on input line 36.


LaTeX Warning: Command \cyri invalid in math mode on input line 36.


LaTeX Warning: Command \cyrz invalid in math mode on input line 36.


LaTeX Warning: Command \cyrt invalid in math mode on input line 36.


LaTeX Warning: Command \cyre invalid in math mode on input line 36.


LaTeX Warning: Command \cyrh invalid in math mode on input line 36.


LaTeX Warning: Command \cyrf invalid in math mode on input line 36.


LaTeX Warning: Command \cyri invalid in math mode on input line 36.


LaTeX Warning: Command \cyrz invalid in math mode on input line 36.


LaTeX Warning: Command \cyrt invalid in math mode on input line 36.


LaTeX Warning: Command \cyre invalid in math mode on input line 36.


LaTeX Warning: Command \cyrh invalid in math mode on input line 36.


LaTeX Warning: Command \cyrf invalid in math mode on input line 36.


LaTeX Warning: Command \cyri invalid in math mode on input line 36.


LaTeX Warning: Command \cyrz invalid in math mode on input line 36.


LaTeX Warning: Command \cyrt invalid in math mode on input line 36.


LaTeX Warning: Command \cyre invalid in math mode on input line 36.


LaTeX Warning: Command \cyrh invalid in math mode on input line 36.

Missing character: There is no ф in font cmr12!
Missing character: There is no и in font cmr12!
Missing character: There is no з in font cmr12!
Missing character: There is no т in font cmr12!
Missing character: There is no е in font cmr12!
Missing character: There is no х in font cmr12!
Missing character: There is no ф in font cmr8!
Missing character: There is no и in font cmr8!
Missing character: There is no з in font cmr8!
Missing character: There is no т in font cmr8!
Missing character: There is no е in font cmr8!
Missing character: There is no х in font cmr8!
Missing character: There is no ф in font cmr12!
Missing character: There is no и in font cmr12!
Missing character: There is no з in font cmr12!
Missing character: There is no т in font cmr12!
Missing character: There is no е in font cmr12!
Missing character: There is no х in font cmr12!
Missing character: There is no ф in font cmr12!
Missing character: There is no и in font cmr12!
Missing character: There is no з in font cmr12!
Missing character: There is no т in font cmr12!
Missing character: There is no е in font cmr12!
Missing character: There is no х in font cmr12!
Missing character: There is no ф in font cmr8!
Missing character: There is no и in font cmr8!
Missing character: There is no з in font cmr8!
Missing character: There is no т in font cmr8!
Missing character: There is no е in font cmr8!
Missing character: There is no х in font cmr8!
Missing character: There is no ф in font cmr12!
Missing character: There is no и in font cmr12!
Missing character: There is no з in font cmr12!
Missing character: There is no т in font cmr12!
Missing character: There is no е in font cmr12!
Missing character: There is no х in font cmr12!

Overfull \hbox (33.38382pt too wide) in paragraph at lines 35--37
[]\T2A/cmr/bx/n/12 Примеры. []\T2A/cmr/m/n/12 Рас-смот-рим физтех.$[][] \OML/cm
m/m/it/12 :e[] []\OT1/cmr/m/n/12 ([] \OML/cmm/m/it/12 :x\OT1/cmr/m/n/12 ) \OMS/
cmsy/m/n/12 ^^A [][] [][] \OML/cmm/m/it/12 :e[] \OMS/cmsy/m/n/12 ^^A []\OT1/cmr
/m/n/12 ([] \OML/cmm/m/it/12 :x\OT1/cmr/m/n/12 ) \OMS/cmsy/m/n/12 ^^A
 []


LaTeX Warning: Command \cyrf invalid in math mode on input line 37.


LaTeX Warning: Command \cyri invalid in math mode on input line 37.


LaTeX Warning: Command \cyrz invalid in math mode on input line 37.


LaTeX Warning: Command \cyrt invalid in math mode on input line 37.


LaTeX Warning: Command \cyre invalid in math mode on input line 37.


LaTeX Warning: Command \cyrh invalid in math mode on input line 37.


LaTeX Warning: Command \cyrf invalid in math mode on input line 37.


LaTeX Warning: Command \cyri invalid in math mode on input line 37.


LaTeX Warning: Command \cyrz invalid in math mode on input line 37.


LaTeX Warning: Command \cyrt invalid in math mode on input line 37.


LaTeX Warning: Command \cyre invalid in math mode on input line 37.


LaTeX Warning: Command \cyrh invalid in math mode on input line 37.


LaTeX Warning: Command \cyrf invalid in math mode on input line 37.


LaTeX Warning: Command \cyri invalid in math mode on input line 37.


LaTeX Warning: Command \cyrz invalid in math mode on input line 37.


LaTeX Warning: Command \cyrt invalid in math mode on input line 37.


LaTeX Warning: Command \cyre invalid in math mode on input line 37.


LaTeX Warning: Command \cyrh invalid in math mode on input line 37.


LaTeX Warning: Command \cyrf invalid in math mode on input line 37.


LaTeX Warning: Command \cyri invalid in math mode on input line 37.


LaTeX Warning: Command \cyrz invalid in math mode on input line 37.


LaTeX Warning: Command \cyrt invalid in math mode on input line 37.


LaTeX Warning: Command \cyre invalid in math mode on input line 37.


LaTeX Warning: Command \cyrh invalid in math mode on input line 37.

Missing character: There is no ф in font cmr8!
Missing character: There is no и in font cmr8!
Missing character: There is no з in font cmr8!
Missing character: There is no т in font cmr8!
Missing character: There is no е in font cmr8!
Missing character: There is no х in font cmr8!
Missing character: There is no ф in font cmr12!
Missing character: There is no и in font cmr12!
Missing character: There is no з in font cmr12!
Missing character: There is no т in font cmr12!
Missing character: There is no е in font cmr12!
Missing character: There is no х in font cmr12!
Missing character: There is no ф in font cmr8!
Missing character: There is no и in font cmr8!
Missing character: There is no з in font cmr8!
Missing character: There is no т in font cmr8!
Missing character: There is no е in font cmr8!
Missing character: There is no х in font cmr8!
Missing character: There is no ф in font cmr12!
Missing character: There is no и in font cmr12!
Missing character: There is no з in font cmr12!
Missing character: There is no т in font cmr12!
Missing character: There is no е in font cmr12!
Missing character: There is no х in font cmr12!

LaTeX Warning: Command \cyrf invalid in math mode on input line 38.


LaTeX Warning: Command \cyri invalid in math mode on input line 38.


LaTeX Warning: Command \cyrz invalid in math mode on input line 38.


LaTeX Warning: Command \cyrt invalid in math mode on input line 38.


LaTeX Warning: Command \cyre invalid in math mode on input line 38.


LaTeX Warning: Command \cyrh invalid in math mode on input line 38.


LaTeX Warning: Command \cyrf invalid in math mode on input line 38.


LaTeX Warning: Command \cyri invalid in math mode on input line 38.


LaTeX Warning: Command \cyrz invalid in math mode on input line 38.


LaTeX Warning: Command \cyrt invalid in math mode on input line 38.


LaTeX Warning: Command \cyre invalid in math mode on input line 38.


LaTeX Warning: Command \cyrh invalid in math mode on input line 38.


LaTeX Warning: Command \cyrf invalid in math mode on input line 38.


LaTeX Warning: Command \cyri invalid in math mode on input line 38.


LaTeX Warning: Command \cyrz invalid in math mode on input line 38.


LaTeX Warning: Command \cyrt invalid in math mode on input line 38.


LaTeX Warning: Command \cyre invalid in math mode on input line 38.


LaTeX Warning: Command \cyrh invalid in math mode on input line 38.


LaTeX Warning: Command \cyrf invalid in math mode on input line 38.


LaTeX Warning: Command \cyri invalid in math mode on input line 38.


LaTeX Warning: Command \cyrz invalid in math mode on input line 38.


LaTeX Warning: Command \cyrt invalid in math mode on input line 38.


LaTeX Warning: Command \cyre invalid in math mode on input line 38.


LaTeX Warning: Command \cyrh invalid in math mode on input line 38.


LaTeX Warning: Command \cyrf invalid in math mode on input line 38.


LaTeX Warning: Command \cyri invalid in math mode on input line 38.


LaTeX Warning: Command \cyrz invalid in math mode on input line 38.


LaTeX Warning: Command \cyrt invalid in math mode on input line 38.


LaTeX Warning: Command \cyre invalid in math mode on input line 38.


LaTeX Warning: Command \cyrh invalid in math mode on input line 38.


LaTeX Warning: Command \cyrf invalid in math mode on input line 38.


LaTeX Warning: Command \cyri invalid in math mode on input line 38.


LaTeX Warning: Command \cyrz invalid in math mode on input line 38.


LaTeX Warning: Command \cyrt invalid in math mode on input line 38.


LaTeX Warning: Command \cyre invalid in math mode on input line 38.


LaTeX Warning: Command \cyrh invalid in math mode on input line 38.


LaTeX Warning: Command \cyrf invalid in math mode on input line 38.


LaTeX Warning: Command \cyri invalid in math mode on input line 38.


LaTeX Warning: Command \cyrz invalid in math mode on input line 38.


LaTeX Warning: Command \cyrt invalid in math mode on input line 38.


LaTeX Warning: Command \cyre invalid in math mode on input line 38.


LaTeX Warning: Command \cyrh invalid in math mode on input line 38.


LaTeX Warning: Command \cyrf invalid in math mode on input line 38.


LaTeX Warning: Command \cyri invalid in math mode on input line 38.


LaTeX Warning: Command \cyrz invalid in math mode on input line 38.


LaTeX Warning: Command \cyrt invalid in math mode on input line 38.


LaTeX Warning: Command \cyre invalid in math mode on input line 38.


LaTeX Warning: Command \cyrh invalid in math mode on input line 38.

Missing character: There is no ф in font cmr8!
Missing character: There is no и in font cmr8!
Missing character: There is no з in font cmr8!
Missing character: There is no т in font cmr8!
Missing character: There is no е in font cmr8!
Missing character: There is no х in font cmr8!
Missing character: There is no ф in font cmr12!
Missing character: There is no и in font cmr12!
Missing character: There is no з in font cmr12!
Missing character: There is no т in font cmr12!
Missing character: There is no е in font cmr12!
Missing character: There is no х in font cmr12!
Missing character: There is no ф in font cmr12!
Missing character: There is no и in font cmr12!
Missing character: There is no з in font cmr12!
Missing character: There is no т in font cmr12!
Missing character: There is no е in font cmr12!
Missing character: There is no х in font cmr12!
Missing character: There is no ф in font cmr8!
Missing character: There is no и in font cmr8!
Missing character: There is no з in font cmr8!
Missing character: There is no т in font cmr8!
Missing character: There is no е in font cmr8!
Missing character: There is no х in font cmr8!
Missing character: There is no ф in font cmr12!
Missing character: There is no и in font cmr12!
Missing character: There is no з in font cmr12!
Missing character: There is no т in font cmr12!
Missing character: There is no е in font cmr12!
Missing character: There is no х in font cmr12!
Missing character: There is no ф in font cmr12!
Missing character: There is no и in font cmr12!
Missing character: There is no з in font cmr12!
Missing character: There is no т in font cmr12!
Missing character: There is no е in font cmr12!
Missing character: There is no х in font cmr12!
Missing character: There is no ф in font cmr8!
Missing character: There is no и in font cmr8!
Missing character: There is no з in font cmr8!
Missing character: There is no т in font cmr8!
Missing character: There is no е in font cmr8!
Missing character: There is no х in font cmr8!
Missing character: There is no ф in font cmr12!
Missing character: There is no и in font cmr12!
Missing character: There is no з in font cmr12!
Missing character: There is no т in font cmr12!
Missing character: There is no е in font cmr12!
Missing character: There is no х in font cmr12!
[1{c:/texlive/2025/texmf-var/fonts/map/pdftex/updmap/pdftex.map}{c:/texlive/202
5/texmf-dist/fonts/enc/dvips/cm-super/cm-super-t2a.enc}

]

LaTeX Warning: Command \cyrf invalid in math mode on input line 42.


LaTeX Warning: Command \cyri invalid in math mode on input line 42.


LaTeX Warning: Command \cyrz invalid in math mode on input line 42.


LaTeX Warning: Command \cyrt invalid in math mode on input line 42.


LaTeX Warning: Command \cyre invalid in math mode on input line 42.


LaTeX Warning: Command \cyrh invalid in math mode on input line 42.


LaTeX Warning: Command \cyrf invalid in math mode on input line 42.


LaTeX Warning: Command \cyri invalid in math mode on input line 42.


LaTeX Warning: Command \cyrz invalid in math mode on input line 42.


LaTeX Warning: Command \cyrt invalid in math mode on input line 42.


LaTeX Warning: Command \cyre invalid in math mode on input line 42.


LaTeX Warning: Command \cyrh invalid in math mode on input line 42.


LaTeX Warning: Command \cyrf invalid in math mode on input line 42.


LaTeX Warning: Command \cyri invalid in math mode on input line 42.


LaTeX Warning: Command \cyrz invalid in math mode on input line 42.


LaTeX Warning: Command \cyrt invalid in math mode on input line 42.


LaTeX Warning: Command \cyre invalid in math mode on input line 42.


LaTeX Warning: Command \cyrh invalid in math mode on input line 42.

Missing character: There is no ф in font cmr12!
Missing character: There is no и in font cmr12!
Missing character: There is no з in font cmr12!
Missing character: There is no т in font cmr12!
Missing character: There is no е in font cmr12!
Missing character: There is no х in font cmr12!
Missing character: There is no ф in font cmr12!
Missing character: There is no и in font cmr12!
Missing character: There is no з in font cmr12!
Missing character: There is no т in font cmr12!
Missing character: There is no е in font cmr12!
Missing character: There is no х in font cmr12!
Missing character: There is no ф in font cmr12!
Missing character: There is no и in font cmr12!
Missing character: There is no з in font cmr12!
Missing character: There is no т in font cmr12!
Missing character: There is no е in font cmr12!
Missing character: There is no х in font cmr12!

LaTeX Warning: Command \cyrf invalid in math mode on input line 43.


LaTeX Warning: Command \cyri invalid in math mode on input line 43.


LaTeX Warning: Command \cyrz invalid in math mode on input line 43.


LaTeX Warning: Command \cyrt invalid in math mode on input line 43.


LaTeX Warning: Command \cyre invalid in math mode on input line 43.


LaTeX Warning: Command \cyrh invalid in math mode on input line 43.


LaTeX Warning: Command \cyrf invalid in math mode on input line 43.


LaTeX Warning: Command \cyri invalid in math mode on input line 43.


LaTeX Warning: Command \cyrz invalid in math mode on input line 43.


LaTeX Warning: Command \cyrt invalid in math mode on input line 43.


LaTeX Warning: Command \cyre invalid in math mode on input line 43.


LaTeX Warning: Command \cyrh invalid in math mode on input line 43.


LaTeX Warning: Command \cyrf invalid in math mode on input line 43.


LaTeX Warning: Command \cyri invalid in math mode on input line 43.


LaTeX Warning: Command \cyrz invalid in math mode on input line 43.


LaTeX Warning: Command \cyrt invalid in math mode on input line 43.


LaTeX Warning: Command \cyre invalid in math mode on input line 43.


LaTeX Warning: Command \cyrh invalid in math mode on input line 43.


LaTeX Warning: Command \cyrf invalid in math mode on input line 43.


LaTeX Warning: Command \cyri invalid in math mode on input line 43.


LaTeX Warning: Command \cyrz invalid in math mode on input line 43.


LaTeX Warning: Command \cyrt invalid in math mode on input line 43.


LaTeX Warning: Command \cyre invalid in math mode on input line 43.


LaTeX Warning: Command \cyrh invalid in math mode on input line 43.

Missing character: There is no ф in font cmr12!
Missing character: There is no и in font cmr12!
Missing character: There is no з in font cmr12!
Missing character: There is no т in font cmr12!
Missing character: There is no е in font cmr12!
Missing character: There is no х in font cmr12!
Missing character: There is no ф in font cmr12!
Missing character: There is no и in font cmr12!
Missing character: There is no з in font cmr12!
Missing character: There is no т in font cmr12!
Missing character: There is no е in font cmr12!
Missing character: There is no х in font cmr12!
Missing character: There is no ф in font cmr12!
Missing character: There is no и in font cmr12!
Missing character: There is no з in font cmr12!
Missing character: There is no т in font cmr12!
Missing character: There is no е in font cmr12!
Missing character: There is no х in font cmr12!
Missing character: There is no ф in font cmr12!
Missing character: There is no и in font cmr12!
Missing character: There is no з in font cmr12!
Missing character: There is no т in font cmr12!
Missing character: There is no е in font cmr12!
Missing character: There is no х in font cmr12!

LaTeX Warning: Command \cyrf invalid in math mode on input line 44.


LaTeX Warning: Command \cyri invalid in math mode on input line 44.


LaTeX Warning: Command \cyrz invalid in math mode on input line 44.


LaTeX Warning: Command \cyrt invalid in math mode on input line 44.


LaTeX Warning: Command \cyre invalid in math mode on input line 44.


LaTeX Warning: Command \cyrh invalid in math mode on input line 44.

Missing character: There is no ф in font cmr12!
Missing character: There is no и in font cmr12!
Missing character: There is no з in font cmr12!
Missing character: There is no т in font cmr12!
Missing character: There is no е in font cmr12!
Missing character: There is no х in font cmr12!

LaTeX Warning: Command \cyrf invalid in math mode on input line 45.


LaTeX Warning: Command \cyri invalid in math mode on input line 45.


LaTeX Warning: Command \cyrz invalid in math mode on input line 45.


LaTeX Warning: Command \cyrt invalid in math mode on input line 45.


LaTeX Warning: Command \cyre invalid in math mode on input line 45.


LaTeX Warning: Command \cyrh invalid in math mode on input line 45.

Missing character: There is no ф in font cmr12!
Missing character: There is no и in font cmr12!
Missing character: There is no з in font cmr12!
Missing character: There is no т in font cmr12!
Missing character: There is no е in font cmr12!
Missing character: There is no х in font cmr12!

LaTeX Warning: Command \cyrf invalid in math mode on input line 46.


LaTeX Warning: Command \cyri invalid in math mode on input line 46.


LaTeX Warning: Command \cyrz invalid in math mode on input line 46.


LaTeX Warning: Command \cyrt invalid in math mode on input line 46.


LaTeX Warning: Command \cyre invalid in math mode on input line 46.


LaTeX Warning: Command \cyrh invalid in math mode on input line 46.

Missing character: There is no ф in font cmr12!
Missing character: There is no и in font cmr12!
Missing character: There is no з in font cmr12!
Missing character: There is no т in font cmr12!
Missing character: There is no е in font cmr12!
Missing character: There is no х in font cmr12!

Overfull \hbox (9.6824pt too wide) in paragraph at lines 45--48
\T2A/cmr/m/n/12 Заметим, физ-тех.что физ-тех.если физ-тех.бы физ-тех.мы физ-тех
.воспользовались физ-тех.той
 []


Overfull \hbox (14.41383pt too wide) in paragraph at lines 45--48
\T2A/cmr/m/n/12 физ-тех.штукой, физ-тех.которую физ-тех.я физ-тех.не физ-тех.по
мню физ-тех.как физ-тех.зовут,
 []


LaTeX Warning: Command \cyrf invalid in math mode on input line 48.


LaTeX Warning: Command \cyri invalid in math mode on input line 48.


LaTeX Warning: Command \cyrz invalid in math mode on input line 48.


LaTeX Warning: Command \cyrt invalid in math mode on input line 48.


LaTeX Warning: Command \cyre invalid in math mode on input line 48.


LaTeX Warning: Command \cyrh invalid in math mode on input line 48.


LaTeX Warning: Command \cyrf invalid in math mode on input line 48.


LaTeX Warning: Command \cyri invalid in math mode on input line 48.


LaTeX Warning: Command \cyrz invalid in math mode on input line 48.


LaTeX Warning: Command \cyrt invalid in math mode on input line 48.


LaTeX Warning: Command \cyre invalid in math mode on input line 48.


LaTeX Warning: Command \cyrh invalid in math mode on input line 48.


LaTeX Warning: Command \cyrf invalid in math mode on input line 48.


LaTeX Warning: Command \cyri invalid in math mode on input line 48.


LaTeX Warning: Command \cyrz invalid in math mode on input line 48.


LaTeX Warning: Command \cyrt invalid in math mode on input line 48.


LaTeX Warning: Command \cyre invalid in math mode on input line 48.


LaTeX Warning: Command \cyrh invalid in math mode on input line 48.


LaTeX Warning: Command \cyrf invalid in math mode on input line 48.


LaTeX Warning: Command \cyri invalid in math mode on input line 48.


LaTeX Warning: Command \cyrz invalid in math mode on input line 48.


LaTeX Warning: Command \cyrt invalid in math mode on input line 48.


LaTeX Warning: Command \cyre invalid in math mode on input line 48.


LaTeX Warning: Command \cyrh invalid in math mode on input line 48.


LaTeX Warning: Command \cyrf invalid in math mode on input line 48.


LaTeX Warning: Command \cyri invalid in math mode on input line 48.


LaTeX Warning: Command \cyrz invalid in math mode on input line 48.


LaTeX Warning: Command \cyrt invalid in math mode on input line 48.


LaTeX Warning: Command \cyre invalid in math mode on input line 48.


LaTeX Warning: Command \cyrh invalid in math mode on input line 48.

Missing character: There is no ф in font cmr12!
Missing character: There is no и in font cmr12!
Missing character: There is no з in font cmr12!
Missing character: There is no т in font cmr12!
Missing character: There is no е in font cmr12!
Missing character: There is no х in font cmr12!
Missing character: There is no ф in font cmr12!
Missing character: There is no и in font cmr12!
Missing character: There is no з in font cmr12!
Missing character: There is no т in font cmr12!
Missing character: There is no е in font cmr12!
Missing character: There is no х in font cmr12!
Missing character: There is no ф in font cmr12!
Missing character: There is no и in font cmr12!
Missing character: There is no з in font cmr12!
Missing character: There is no т in font cmr12!
Missing character: There is no е in font cmr12!
Missing character: There is no х in font cmr12!
Missing character: There is no ф in font cmr8!
Missing character: There is no и in font cmr8!
Missing character: There is no з in font cmr8!
Missing character: There is no т in font cmr8!
Missing character: There is no е in font cmr8!
Missing character: There is no х in font cmr8!
Missing character: There is no ф in font cmr12!
Missing character: There is no и in font cmr12!
Missing character: There is no з in font cmr12!
Missing character: There is no т in font cmr12!
Missing character: There is no е in font cmr12!
Missing character: There is no х in font cmr12!

Overfull \hbox (14.7348pt too wide) in paragraph at lines 48--50
\T2A/cmr/m/n/12 А физ-тех.уже физ-тех.последняя физ-тех.полученная физ-тех.штук
а физ-тех.чуть физ-тех.выше
 []


LaTeX Warning: Command \cyrf invalid in math mode on input line 55.


LaTeX Warning: Command \cyri invalid in math mode on input line 55.


LaTeX Warning: Command \cyrz invalid in math mode on input line 55.


LaTeX Warning: Command \cyrt invalid in math mode on input line 55.


LaTeX Warning: Command \cyre invalid in math mode on input line 55.


LaTeX Warning: Command \cyrh invalid in math mode on input line 55.

Missing character: There is no ф in font cmr12!
Missing character: There is no и in font cmr12!
Missing character: There is no з in font cmr12!
Missing character: There is no т in font cmr12!
Missing character: There is no е in font cmr12!
Missing character: There is no х in font cmr12!

LaTeX Warning: Command \cyrf invalid in math mode on input line 55.


LaTeX Warning: Command \cyri invalid in math mode on input line 55.


LaTeX Warning: Command \cyrz invalid in math mode on input line 55.


LaTeX Warning: Command \cyrt invalid in math mode on input line 55.


LaTeX Warning: Command \cyre invalid in math mode on input line 55.


LaTeX Warning: Command \cyrh invalid in math mode on input line 55.

Missing character: There is no ф in font cmr12!
Missing character: There is no и in font cmr12!
Missing character: There is no з in font cmr12!
Missing character: There is no т in font cmr12!
Missing character: There is no е in font cmr12!
Missing character: There is no х in font cmr12!

Overfull \hbox (21.51717pt too wide) in paragraph at lines 54--57
\T2A/cmr/m/it/12 Числовым физ-тех.рядом \T2A/cmr/m/n/12 физ-тех.называется физ-
тех.сумма физ-тех.бесконечного физ-тех.числа
 []


Underfull \hbox (badness 10000) in paragraph at lines 58--60

 []

[2]

LaTeX Warning: Command \cyrf invalid in math mode on input line 60.


LaTeX Warning: Command \cyri invalid in math mode on input line 60.


LaTeX Warning: Command \cyrz invalid in math mode on input line 60.


LaTeX Warning: Command \cyrt invalid in math mode on input line 60.


LaTeX Warning: Command \cyre invalid in math mode on input line 60.


LaTeX Warning: Command \cyrh invalid in math mode on input line 60.

Missing character: There is no ф in font cmr12!
Missing character: There is no и in font cmr12!
Missing character: There is no з in font cmr12!
Missing character: There is no т in font cmr12!
Missing character: There is no е in font cmr12!
Missing character: There is no х in font cmr12!

LaTeX Warning: Command \cyrf invalid in math mode on input line 60.


LaTeX Warning: Command \cyri invalid in math mode on input line 60.


LaTeX Warning: Command \cyrz invalid in math mode on input line 60.


LaTeX Warning: Command \cyrt invalid in math mode on input line 60.


LaTeX Warning: Command \cyre invalid in math mode on input line 60.


LaTeX Warning: Command \cyrh invalid in math mode on input line 60.

Missing character: There is no ф in font cmr12!
Missing character: There is no и in font cmr12!
Missing character: There is no з in font cmr12!
Missing character: There is no т in font cmr12!
Missing character: There is no е in font cmr12!
Missing character: There is no х in font cmr12!

LaTeX Warning: Command \cyrf invalid in math mode on input line 60.


LaTeX Warning: Command \cyri invalid in math mode on input line 60.


LaTeX Warning: Command \cyrz invalid in math mode on input line 60.


LaTeX Warning: Command \cyrt invalid in math mode on input line 60.


LaTeX Warning: Command \cyre invalid in math mode on input line 60.


LaTeX Warning: Command \cyrh invalid in math mode on input line 60.


LaTeX Warning: Command \cyrf invalid in math mode on input line 60.


LaTeX Warning: Command \cyri invalid in math mode on input line 60.


LaTeX Warning: Command \cyrz invalid in math mode on input line 60.


LaTeX Warning: Command \cyrt invalid in math mode on input line 60.


LaTeX Warning: Command \cyre invalid in math mode on input line 60.


LaTeX Warning: Command \cyrh invalid in math mode on input line 60.


LaTeX Warning: Command \cyrf invalid in math mode on input line 60.


LaTeX Warning: Command \cyri invalid in math mode on input line 60.


LaTeX Warning: Command \cyrz invalid in math mode on input line 60.


LaTeX Warning: Command \cyrt invalid in math mode on input line 60.


LaTeX Warning: Command \cyre invalid in math mode on input line 60.


LaTeX Warning: Command \cyrh invalid in math mode on input line 60.

Missing character: There is no ф in font cmr12!
Missing character: There is no и in font cmr12!
Missing character: There is no з in font cmr12!
Missing character: There is no т in font cmr12!
Missing character: There is no е in font cmr12!
Missing character: There is no х in font cmr12!
Missing character: There is no ф in font cmr12!
Missing character: There is no и in font cmr12!
Missing character: There is no з in font cmr12!
Missing character: There is no т in font cmr12!
Missing character: There is no е in font cmr12!
Missing character: There is no х in font cmr12!
Missing character: There is no ф in font cmr12!
Missing character: There is no и in font cmr12!
Missing character: There is no з in font cmr12!
Missing character: There is no т in font cmr12!
Missing character: There is no е in font cmr12!
Missing character: There is no х in font cmr12!

LaTeX Warning: Command \cyrf invalid in math mode on input line 60.


LaTeX Warning: Command \cyri invalid in math mode on input line 60.


LaTeX Warning: Command \cyrz invalid in math mode on input line 60.


LaTeX Warning: Command \cyrt invalid in math mode on input line 60.


LaTeX Warning: Command \cyre invalid in math mode on input line 60.


LaTeX Warning: Command \cyrh invalid in math mode on input line 60.


LaTeX Warning: Command \cyrf invalid in math mode on input line 60.


LaTeX Warning: Command \cyri invalid in math mode on input line 60.


LaTeX Warning: Command \cyrz invalid in math mode on input line 60.


LaTeX Warning: Command \cyrt invalid in math mode on input line 60.


LaTeX Warning: Command \cyre invalid in math mode on input line 60.


LaTeX Warning: Command \cyrh invalid in math mode on input line 60.


LaTeX Warning: Command \cyrf invalid in math mode on input line 60.


LaTeX Warning: Command \cyri invalid in math mode on input line 60.


LaTeX Warning: Command \cyrz invalid in math mode on input line 60.


LaTeX Warning: Command \cyrt invalid in math mode on input line 60.


LaTeX Warning: Command \cyre invalid in math mode on input line 60.


LaTeX Warning: Command \cyrh invalid in math mode on input line 60.


LaTeX Warning: Command \cyrf invalid in math mode on input line 60.


LaTeX Warning: Command \cyri invalid in math mode on input line 60.


LaTeX Warning: Command \cyrz invalid in math mode on input line 60.


LaTeX Warning: Command \cyrt invalid in math mode on input line 60.


LaTeX Warning: Command \cyre invalid in math mode on input line 60.


LaTeX Warning: Command \cyrh invalid in math mode on input line 60.

Missing character: There is no ф in font cmr12!
Missing character: There is no и in font cmr12!
Missing character: There is no з in font cmr12!
Missing character: There is no т in font cmr12!
Missing character: There is no е in font cmr12!
Missing character: There is no х in font cmr12!
Missing character: There is no ф in font cmr12!
Missing character: There is no и in font cmr12!
Missing character: There is no з in font cmr12!
Missing character: There is no т in font cmr12!
Missing character: There is no е in font cmr12!
Missing character: There is no х in font cmr12!
Missing character: There is no ф in font cmr12!
Missing character: There is no и in font cmr12!
Missing character: There is no з in font cmr12!
Missing character: There is no т in font cmr12!
Missing character: There is no е in font cmr12!
Missing character: There is no х in font cmr12!
Missing character: There is no ф in font cmr12!
Missing character: There is no и in font cmr12!
Missing character: There is no з in font cmr12!
Missing character: There is no т in font cmr12!
Missing character: There is no е in font cmr12!
Missing character: There is no х in font cmr12!

Overfull \hbox (3.51093pt too wide) in paragraph at lines 60--61
[]\T2A/cmr/m/it/12 физтех.Если физ-тех.ряды физтех.$[] \OML/cmm/m/it/12 :a[]$ \
T2A/cmr/m/it/12 физ-тех.и физтех.$[] \OML/cmm/m/it/12 :b[]$ \T2A/cmr/m/it/12 фи
з-тех.сходятся,
 []


LaTeX Warning: Command \cyrf invalid in math mode on input line 61.


LaTeX Warning: Command \cyri invalid in math mode on input line 61.


LaTeX Warning: Command \cyrz invalid in math mode on input line 61.


LaTeX Warning: Command \cyrt invalid in math mode on input line 61.


LaTeX Warning: Command \cyre invalid in math mode on input line 61.


LaTeX Warning: Command \cyrh invalid in math mode on input line 61.

Missing character: There is no ф in font cmr12!
Missing character: There is no и in font cmr12!
Missing character: There is no з in font cmr12!
Missing character: There is no т in font cmr12!
Missing character: There is no е in font cmr12!
Missing character: There is no х in font cmr12!

LaTeX Warning: Command \cyrf invalid in math mode on input line 68.


LaTeX Warning: Command \cyri invalid in math mode on input line 68.


LaTeX Warning: Command \cyrz invalid in math mode on input line 68.


LaTeX Warning: Command \cyrt invalid in math mode on input line 68.


LaTeX Warning: Command \cyre invalid in math mode on input line 68.


LaTeX Warning: Command \cyrh invalid in math mode on input line 68.

Missing character: There is no ф in font cmr12!
Missing character: There is no и in font cmr12!
Missing character: There is no з in font cmr12!
Missing character: There is no т in font cmr12!
Missing character: There is no е in font cmr12!
Missing character: There is no х in font cmr12!

LaTeX Warning: Command \cyrf invalid in math mode on input line 72.


LaTeX Warning: Command \cyri invalid in math mode on input line 72.


LaTeX Warning: Command \cyrz invalid in math mode on input line 72.


LaTeX Warning: Command \cyrt invalid in math mode on input line 72.


LaTeX Warning: Command \cyre invalid in math mode on input line 72.


LaTeX Warning: Command \cyrh invalid in math mode on input line 72.

Missing character: There is no ф in font cmr12!
Missing character: There is no и in font cmr12!
Missing character: There is no з in font cmr12!
Missing character: There is no т in font cmr12!
Missing character: There is no е in font cmr12!
Missing character: There is no х in font cmr12!

LaTeX Warning: Command \cyrf invalid in math mode on input line 76.


LaTeX Warning: Command \cyri invalid in math mode on input line 76.


LaTeX Warning: Command \cyrz invalid in math mode on input line 76.


LaTeX Warning: Command \cyrt invalid in math mode on input line 76.


LaTeX Warning: Command \cyre invalid in math mode on input line 76.


LaTeX Warning: Command \cyrh invalid in math mode on input line 76.

Missing character: There is no ф in font cmr12!
Missing character: There is no и in font cmr12!
Missing character: There is no з in font cmr12!
Missing character: There is no т in font cmr12!
Missing character: There is no е in font cmr12!
Missing character: There is no х in font cmr12!

Overfull \hbox (19.1478pt too wide) in paragraph at lines 76--78
[]\T2A/cmr/bx/n/12 Пример. []\T2A/cmr/m/n/12 Рас-смот-рим физ-тех.как физ-тех.п
ример физ-тех.геометрическую физ-тех.прогрессию
 []


! LaTeX Error: Invalid UTF-8 byte sequence (С\endgroup).

See the LaTeX manual or LaTeX Companion for explanation.
Type  H <return>  for immediate help.
 ...                                              
                                                  
l.79 ...С….$S_n=q\cdot\frac{1-q^n}{1-q}\ra\frac С„
                                                  РёР·С‚РµС….q{1-q}=\sum_{n=...

The document does not appear to be in UTF-8 encoding.
Try adding \UseRawInputEncoding as the first line of the file
or specify an encoding such as \usepackage [latin1]{inputenc}
in the document preamble.
Alternatively, save the file in UTF-8 using your editor or another tool


! LaTeX Error: Invalid UTF-8 byte "84.

See the LaTeX manual or LaTeX Companion for explanation.
Type  H <return>  for immediate help.
 ...                                              
                                                  
l.79 ...С….$S_n=q\cdot\frac{1-q^n}{1-q}\ra\frac С„
                                                  РёР·С‚РµС….q{1-q}=\sum_{n=...

The document does not appear to be in UTF-8 encoding.
Try adding \UseRawInputEncoding as the first line of the file
or specify an encoding such as \usepackage [latin1]{inputenc}
in the document preamble.
Alternatively, save the file in UTF-8 using your editor or another tool

! Extra }, or forgotten \endgroup.
\frac  #1#2->{\begingroup #1\endgroup \@@over #2}
                                                 
l.79 ...С….$S_n=q\cdot\frac{1-q^n}{1-q}\ra\frac С„
                                                  РёР·С‚РµС….q{1-q}=\sum_{n=...
I've deleted a group-closing symbol because it seems to be
spurious, as in `$x}$'. But perhaps the } is legitimate and
you forgot something else, as in `\hbox{$x}'. In such cases
the way to recover is to insert both the forgotten and the
deleted material, e.g., by typing `I$}'.


LaTeX Warning: Command \cyri invalid in math mode on input line 79.


LaTeX Warning: Command \cyrz invalid in math mode on input line 79.


LaTeX Warning: Command \cyrt invalid in math mode on input line 79.


LaTeX Warning: Command \cyre invalid in math mode on input line 79.


LaTeX Warning: Command \cyrh invalid in math mode on input line 79.


LaTeX Warning: Command \cyrf invalid in math mode on input line 79.


LaTeX Warning: Command \cyri invalid in math mode on input line 79.


LaTeX Warning: Command \cyrz invalid in math mode on input line 79.


LaTeX Warning: Command \cyrt invalid in math mode on input line 79.


LaTeX Warning: Command \cyre invalid in math mode on input line 79.


LaTeX Warning: Command \cyrh invalid in math mode on input line 79.

! Missing \endgroup inserted.
<inserted text> 
                \endgroup 
l.79 ...µС….q{1-q}=\sum_{n=1}^\i С„РёР·С‚РµС….q^n$
                                                   С„РёР·С‚РµС….РїСЂРё С„РёР...
I've inserted something that you may have forgotten.
(See the <inserted text> above.)
With luck, this will get me unwedged. But if you
really didn't forget anything, try typing `2' now; then
my insertion and my current dilemma will both disappear.

! Missing } inserted.
<inserted text> 
                }
l.79 ...µС….q{1-q}=\sum_{n=1}^\i С„РёР·С‚РµС….q^n$
                                                   С„РёР·С‚РµС….РїСЂРё С„РёР...
I've inserted something that you may have forgotten.
(See the <inserted text> above.)
With luck, this will get me unwedged. But if you
really didn't forget anything, try typing `2' now; then
my insertion and my current dilemma will both disappear.

Missing character: There is no и in font cmr8!
Missing character: There is no з in font cmr8!
Missing character: There is no т in font cmr8!
Missing character: There is no е in font cmr8!
Missing character: There is no х in font cmr8!
Missing character: There is no ф in font cmr8!
Missing character: There is no и in font cmr8!
Missing character: There is no з in font cmr8!
Missing character: There is no т in font cmr8!
Missing character: There is no е in font cmr8!
Missing character: There is no х in font cmr8!

LaTeX Warning: Command \cyrf invalid in math mode on input line 83.


LaTeX Warning: Command \cyri invalid in math mode on input line 83.


LaTeX Warning: Command \cyrz invalid in math mode on input line 83.


LaTeX Warning: Command \cyrt invalid in math mode on input line 83.


LaTeX Warning: Command \cyre invalid in math mode on input line 83.


LaTeX Warning: Command \cyrh invalid in math mode on input line 83.


LaTeX Warning: Command \cyrf invalid in math mode on input line 83.


LaTeX Warning: Command \cyri invalid in math mode on input line 83.


LaTeX Warning: Command \cyrz invalid in math mode on input line 83.


LaTeX Warning: Command \cyrt invalid in math mode on input line 83.


LaTeX Warning: Command \cyre invalid in math mode on input line 83.


LaTeX Warning: Command \cyrh invalid in math mode on input line 83.

Missing character: There is no ф in font cmr12!
Missing character: There is no и in font cmr12!
Missing character: There is no з in font cmr12!
Missing character: There is no т in font cmr12!
Missing character: There is no е in font cmr12!
Missing character: There is no х in font cmr12!
Missing character: There is no ф in font cmr12!
Missing character: There is no и in font cmr12!
Missing character: There is no з in font cmr12!
Missing character: There is no т in font cmr12!
Missing character: There is no е in font cmr12!
Missing character: There is no х in font cmr12!

LaTeX Warning: Command \cyrf invalid in math mode on input line 83.


LaTeX Warning: Command \cyri invalid in math mode on input line 83.


LaTeX Warning: Command \cyrz invalid in math mode on input line 83.


LaTeX Warning: Command \cyrt invalid in math mode on input line 83.


LaTeX Warning: Command \cyre invalid in math mode on input line 83.


LaTeX Warning: Command \cyrh invalid in math mode on input line 83.

Missing character: There is no ф in font cmr12!
Missing character: There is no и in font cmr12!
Missing character: There is no з in font cmr12!
Missing character: There is no т in font cmr12!
Missing character: There is no е in font cmr12!
Missing character: There is no х in font cmr12!

Overfull \hbox (26.87299pt too wide) in paragraph at lines 82--84
[][]\T2A/cmr/bx/n/12 Теорема 1.2. []\T2A/cmr/m/n/12 (Кри-те-рий физ-тех.сходимо
сти физ-тех.рядов физ-тех.с физ-тех.неотрицательными
 []


LaTeX Warning: Command \cyrf invalid in math mode on input line 86.


LaTeX Warning: Command \cyri invalid in math mode on input line 86.


LaTeX Warning: Command \cyrz invalid in math mode on input line 86.


LaTeX Warning: Command \cyrt invalid in math mode on input line 86.


LaTeX Warning: Command \cyre invalid in math mode on input line 86.


LaTeX Warning: Command \cyrh invalid in math mode on input line 86.


LaTeX Warning: Command \cyrf invalid in math mode on input line 86.


LaTeX Warning: Command \cyri invalid in math mode on input line 86.


LaTeX Warning: Command \cyrz invalid in math mode on input line 86.


LaTeX Warning: Command \cyrt invalid in math mode on input line 86.


LaTeX Warning: Command \cyre invalid in math mode on input line 86.


LaTeX Warning: Command \cyrh invalid in math mode on input line 86.


LaTeX Warning: Command \cyrf invalid in math mode on input line 86.


LaTeX Warning: Command \cyri invalid in math mode on input line 86.


LaTeX Warning: Command \cyrz invalid in math mode on input line 86.


LaTeX Warning: Command \cyrt invalid in math mode on input line 86.


LaTeX Warning: Command \cyre invalid in math mode on input line 86.


LaTeX Warning: Command \cyrh invalid in math mode on input line 86.

Missing character: There is no ф in font cmr12!
Missing character: There is no и in font cmr12!
Missing character: There is no з in font cmr12!
Missing character: There is no т in font cmr12!
Missing character: There is no е in font cmr12!
Missing character: There is no х in font cmr12!
Missing character: There is no ф in font cmr12!
Missing character: There is no и in font cmr12!
Missing character: There is no з in font cmr12!
Missing character: There is no т in font cmr12!
Missing character: There is no е in font cmr12!
Missing character: There is no х in font cmr12!
Missing character: There is no ф in font cmr12!
Missing character: There is no и in font cmr12!
Missing character: There is no з in font cmr12!
Missing character: There is no т in font cmr12!
Missing character: There is no е in font cmr12!
Missing character: There is no х in font cmr12!

Overfull \hbox (7.80934pt too wide) in paragraph at lines 86--88
[]$\OML/cmm/m/it/12 :a[] \U/msa/m/n/12 > \OT1/cmr/m/n/12 0 \OMS/cmsy/m/n/12 ) \
OML/cmm/m/it/12 :S[] \U/msa/m/n/12 6 \OML/cmm/m/it/12 :S[] \OMS/cmsy/m/n/12 ) f
\OML/cmm/m/it/12 S[]\OMS/cmsy/m/n/12 g[]$ \T2A/cmr/m/n/12 физ-тех.возрастает фи
зтех.$\OMS/cmsy/m/n/12 ) [] \OML/cmm/m/it/12 S[] \OT1/cmr/m/n/12 =
 []


LaTeX Warning: Command \cyrf invalid in math mode on input line 90.


LaTeX Warning: Command \cyri invalid in math mode on input line 90.


LaTeX Warning: Command \cyrz invalid in math mode on input line 90.


LaTeX Warning: Command \cyrt invalid in math mode on input line 90.


LaTeX Warning: Command \cyre invalid in math mode on input line 90.


LaTeX Warning: Command \cyrh invalid in math mode on input line 90.


LaTeX Warning: Command \cyrf invalid in math mode on input line 90.


LaTeX Warning: Command \cyri invalid in math mode on input line 90.


LaTeX Warning: Command \cyrz invalid in math mode on input line 90.


LaTeX Warning: Command \cyrt invalid in math mode on input line 90.


LaTeX Warning: Command \cyre invalid in math mode on input line 90.


LaTeX Warning: Command \cyrh invalid in math mode on input line 90.


LaTeX Warning: Command \cyrf invalid in math mode on input line 90.


LaTeX Warning: Command \cyri invalid in math mode on input line 90.


LaTeX Warning: Command \cyrz invalid in math mode on input line 90.


LaTeX Warning: Command \cyrt invalid in math mode on input line 90.


LaTeX Warning: Command \cyre invalid in math mode on input line 90.


LaTeX Warning: Command \cyrh invalid in math mode on input line 90.


LaTeX Warning: Command \cyrf invalid in math mode on input line 90.


LaTeX Warning: Command \cyri invalid in math mode on input line 90.


LaTeX Warning: Command \cyrz invalid in math mode on input line 90.


LaTeX Warning: Command \cyrt invalid in math mode on input line 90.


LaTeX Warning: Command \cyre invalid in math mode on input line 90.


LaTeX Warning: Command \cyrh invalid in math mode on input line 90.

Missing character: There is no ф in font cmr12!
Missing character: There is no и in font cmr12!
Missing character: There is no з in font cmr12!
Missing character: There is no т in font cmr12!
Missing character: There is no е in font cmr12!
Missing character: There is no х in font cmr12!
Missing character: There is no ф in font cmr12!
Missing character: There is no и in font cmr12!
Missing character: There is no з in font cmr12!
Missing character: There is no т in font cmr12!
Missing character: There is no е in font cmr12!
Missing character: There is no х in font cmr12!
Missing character: There is no ф in font cmr12!
Missing character: There is no и in font cmr12!
Missing character: There is no з in font cmr12!
Missing character: There is no т in font cmr12!
Missing character: There is no е in font cmr12!
Missing character: There is no х in font cmr12!
Missing character: There is no ф in font cmr12!
Missing character: There is no и in font cmr12!
Missing character: There is no з in font cmr12!
Missing character: There is no т in font cmr12!
Missing character: There is no е in font cmr12!
Missing character: There is no х in font cmr12!

LaTeX Warning: Command \cyrf invalid in math mode on input line 92.


LaTeX Warning: Command \cyri invalid in math mode on input line 92.


LaTeX Warning: Command \cyrz invalid in math mode on input line 92.


LaTeX Warning: Command \cyrt invalid in math mode on input line 92.


LaTeX Warning: Command \cyre invalid in math mode on input line 92.


LaTeX Warning: Command \cyrh invalid in math mode on input line 92.

Missing character: There is no ф in font cmr12!
Missing character: There is no и in font cmr12!
Missing character: There is no з in font cmr12!
Missing character: There is no т in font cmr12!
Missing character: There is no е in font cmr12!
Missing character: There is no х in font cmr12!

LaTeX Warning: Command \cyrf invalid in math mode on input line 92.


LaTeX Warning: Command \cyri invalid in math mode on input line 92.


LaTeX Warning: Command \cyrz invalid in math mode on input line 92.


LaTeX Warning: Command \cyrt invalid in math mode on input line 92.


LaTeX Warning: Command \cyre invalid in math mode on input line 92.


LaTeX Warning: Command \cyrh invalid in math mode on input line 92.

Missing character: There is no ф in font cmr12!
Missing character: There is no и in font cmr12!
Missing character: There is no з in font cmr12!
Missing character: There is no т in font cmr12!
Missing character: There is no е in font cmr12!
Missing character: There is no х in font cmr12!
[3]

LaTeX Warning: Command \cyrf invalid in math mode on input line 93.


LaTeX Warning: Command \cyri invalid in math mode on input line 93.


LaTeX Warning: Command \cyrz invalid in math mode on input line 93.


LaTeX Warning: Command \cyrt invalid in math mode on input line 93.


LaTeX Warning: Command \cyre invalid in math mode on input line 93.


LaTeX Warning: Command \cyrh invalid in math mode on input line 93.

Missing character: There is no ф in font cmr12!
Missing character: There is no и in font cmr12!
Missing character: There is no з in font cmr12!
Missing character: There is no т in font cmr12!
Missing character: There is no е in font cmr12!
Missing character: There is no х in font cmr12!

LaTeX Warning: Command \cyrf invalid in math mode on input line 93.


LaTeX Warning: Command \cyri invalid in math mode on input line 93.


LaTeX Warning: Command \cyrz invalid in math mode on input line 93.


LaTeX Warning: Command \cyrt invalid in math mode on input line 93.


LaTeX Warning: Command \cyre invalid in math mode on input line 93.


LaTeX Warning: Command \cyrh invalid in math mode on input line 93.

Missing character: There is no ф in font cmr12!
Missing character: There is no и in font cmr12!
Missing character: There is no з in font cmr12!
Missing character: There is no т in font cmr12!
Missing character: There is no е in font cmr12!
Missing character: There is no х in font cmr12!

Overfull \hbox (5.86923pt too wide) in paragraph at lines 93--94
[]\T2A/cmr/m/it/12 физтех.$[] \OML/cmm/m/it/12 :a[]$ \T2A/cmr/m/it/12 физ-тех.р
асходится, физ-тех.тогда физтех.$[] \OML/cmm/m/it/12 :b[]$ \T2A/cmr/m/it/12 физ
-тех.расходится. 
 []


LaTeX Warning: Command \cyrf invalid in math mode on input line 98.


LaTeX Warning: Command \cyri invalid in math mode on input line 98.


LaTeX Warning: Command \cyrz invalid in math mode on input line 98.


LaTeX Warning: Command \cyrt invalid in math mode on input line 98.


LaTeX Warning: Command \cyre invalid in math mode on input line 98.


LaTeX Warning: Command \cyrh invalid in math mode on input line 98.


LaTeX Warning: Command \cyrf invalid in math mode on input line 98.


LaTeX Warning: Command \cyri invalid in math mode on input line 98.


LaTeX Warning: Command \cyrz invalid in math mode on input line 98.


LaTeX Warning: Command \cyrt invalid in math mode on input line 98.


LaTeX Warning: Command \cyre invalid in math mode on input line 98.


LaTeX Warning: Command \cyrh invalid in math mode on input line 98.


LaTeX Warning: Command \cyrf invalid in math mode on input line 98.


LaTeX Warning: Command \cyri invalid in math mode on input line 98.


LaTeX Warning: Command \cyrz invalid in math mode on input line 98.


LaTeX Warning: Command \cyrt invalid in math mode on input line 98.


LaTeX Warning: Command \cyre invalid in math mode on input line 98.


LaTeX Warning: Command \cyrh invalid in math mode on input line 98.


LaTeX Warning: Command \cyrf invalid in math mode on input line 98.


LaTeX Warning: Command \cyri invalid in math mode on input line 98.


LaTeX Warning: Command \cyrz invalid in math mode on input line 98.


LaTeX Warning: Command \cyrt invalid in math mode on input line 98.


LaTeX Warning: Command \cyre invalid in math mode on input line 98.


LaTeX Warning: Command \cyrh invalid in math mode on input line 98.

Missing character: There is no ф in font cmr12!
Missing character: There is no и in font cmr12!
Missing character: There is no з in font cmr12!
Missing character: There is no т in font cmr12!
Missing character: There is no е in font cmr12!
Missing character: There is no х in font cmr12!
Missing character: There is no ф in font cmr12!
Missing character: There is no и in font cmr12!
Missing character: There is no з in font cmr12!
Missing character: There is no т in font cmr12!
Missing character: There is no е in font cmr12!
Missing character: There is no х in font cmr12!
Missing character: There is no ф in font cmr12!
Missing character: There is no и in font cmr12!
Missing character: There is no з in font cmr12!
Missing character: There is no т in font cmr12!
Missing character: There is no е in font cmr12!
Missing character: There is no х in font cmr12!
Missing character: There is no ф in font cmr12!
Missing character: There is no и in font cmr12!
Missing character: There is no з in font cmr12!
Missing character: There is no т in font cmr12!
Missing character: There is no е in font cmr12!
Missing character: There is no х in font cmr12!

Overfull \hbox (11.45628pt too wide) in paragraph at lines 97--100
[]$\OML/cmm/m/it/12 A[];B[]$ \T2A/cmr/m/n/12 физтех.- физ-тех.соответсвующие фи
з-тех.частичные физ-тех.суммы. 
 []


LaTeX Warning: Reference `12_th3' on page 4 undefined on input line 102.


Overfull \hbox (13.91998pt too wide) in paragraph at lines 102--103
[]\T2A/cmr/bx/n/12 Замечание. []\T2A/cmr/m/n/12 Вни-ма-тель-ный физ-тех.читател
ь физ-тех.мог физ-тех.заметить физ-тех.некоторое
 []


Overfull \hbox (22.56749pt too wide) in paragraph at lines 102--103
\T2A/cmr/m/n/12 физ-тех.такой физ-тех.же физ-тех.для физ-тех.несобственных физ-
тех.интегралов. физ-тех.Между
 []


LaTeX Warning: Command \cyrf invalid in math mode on input line 105.


LaTeX Warning: Command \cyri invalid in math mode on input line 105.


LaTeX Warning: Command \cyrz invalid in math mode on input line 105.


LaTeX Warning: Command \cyrt invalid in math mode on input line 105.


LaTeX Warning: Command \cyre invalid in math mode on input line 105.


LaTeX Warning: Command \cyrh invalid in math mode on input line 105.

Missing character: There is no ф in font cmr12!
Missing character: There is no и in font cmr12!
Missing character: There is no з in font cmr12!
Missing character: There is no т in font cmr12!
Missing character: There is no е in font cmr12!
Missing character: There is no х in font cmr12!

Overfull \hbox (5.10083pt too wide) in paragraph at lines 104--106
\T2A/cmr/m/it/12 физ-тех.то физтех.$[] \OML/cmm/m/it/12 :f\OT1/cmr/m/n/12 (\OML
/cmm/m/it/12 n\OT1/cmr/m/n/12 )$ \T2A/cmr/m/it/12 физ-тех.и физтех.$[][] \OML/c
mm/m/it/12 f\OT1/cmr/m/n/12 (\OML/cmm/m/it/12 x\OT1/cmr/m/n/12 )\OML/cmm/m/it/1
2 dx$ \T2A/cmr/m/it/12 физ-тех.сходятся физ-тех.и физ-
 []


LaTeX Warning: Command \cyrf invalid in math mode on input line 108.


LaTeX Warning: Command \cyri invalid in math mode on input line 108.


LaTeX Warning: Command \cyrz invalid in math mode on input line 108.


LaTeX Warning: Command \cyrt invalid in math mode on input line 108.


LaTeX Warning: Command \cyre invalid in math mode on input line 108.


LaTeX Warning: Command \cyrh invalid in math mode on input line 108.


LaTeX Warning: Command \cyrf invalid in math mode on input line 108.


LaTeX Warning: Command \cyri invalid in math mode on input line 108.


LaTeX Warning: Command \cyrz invalid in math mode on input line 108.


LaTeX Warning: Command \cyrt invalid in math mode on input line 108.


LaTeX Warning: Command \cyre invalid in math mode on input line 108.


LaTeX Warning: Command \cyrh invalid in math mode on input line 108.


LaTeX Warning: Command \cyrf invalid in math mode on input line 108.


LaTeX Warning: Command \cyri invalid in math mode on input line 108.


LaTeX Warning: Command \cyrz invalid in math mode on input line 108.


LaTeX Warning: Command \cyrt invalid in math mode on input line 108.


LaTeX Warning: Command \cyre invalid in math mode on input line 108.


LaTeX Warning: Command \cyrh invalid in math mode on input line 108.


LaTeX Warning: Command \cyrf invalid in math mode on input line 108.


LaTeX Warning: Command \cyri invalid in math mode on input line 108.


LaTeX Warning: Command \cyrz invalid in math mode on input line 108.


LaTeX Warning: Command \cyrt invalid in math mode on input line 108.


LaTeX Warning: Command \cyre invalid in math mode on input line 108.


LaTeX Warning: Command \cyrh invalid in math mode on input line 108.


LaTeX Warning: Command \cyrf invalid in math mode on input line 108.


LaTeX Warning: Command \cyri invalid in math mode on input line 108.


LaTeX Warning: Command \cyrz invalid in math mode on input line 108.


LaTeX Warning: Command \cyrt invalid in math mode on input line 108.


LaTeX Warning: Command \cyre invalid in math mode on input line 108.


LaTeX Warning: Command \cyrh invalid in math mode on input line 108.


LaTeX Warning: Command \cyrf invalid in math mode on input line 108.


LaTeX Warning: Command \cyri invalid in math mode on input line 108.


LaTeX Warning: Command \cyrz invalid in math mode on input line 108.


LaTeX Warning: Command \cyrt invalid in math mode on input line 108.


LaTeX Warning: Command \cyre invalid in math mode on input line 108.


LaTeX Warning: Command \cyrh invalid in math mode on input line 108.

Missing character: There is no ф in font cmr12!
Missing character: There is no и in font cmr12!
Missing character: There is no з in font cmr12!
Missing character: There is no т in font cmr12!
Missing character: There is no е in font cmr12!
Missing character: There is no х in font cmr12!
Missing character: There is no ф in font cmr12!
Missing character: There is no и in font cmr12!
Missing character: There is no з in font cmr12!
Missing character: There is no т in font cmr12!
Missing character: There is no е in font cmr12!
Missing character: There is no х in font cmr12!
Missing character: There is no ф in font cmr12!
Missing character: There is no и in font cmr12!
Missing character: There is no з in font cmr12!
Missing character: There is no т in font cmr12!
Missing character: There is no е in font cmr12!
Missing character: There is no х in font cmr12!
Missing character: There is no ф in font cmr12!
Missing character: There is no и in font cmr12!
Missing character: There is no з in font cmr12!
Missing character: There is no т in font cmr12!
Missing character: There is no е in font cmr12!
Missing character: There is no х in font cmr12!
Missing character: There is no ф in font cmr12!
Missing character: There is no и in font cmr12!
Missing character: There is no з in font cmr12!
Missing character: There is no т in font cmr12!
Missing character: There is no е in font cmr12!
Missing character: There is no х in font cmr12!
Missing character: There is no ф in font cmr12!
Missing character: There is no и in font cmr12!
Missing character: There is no з in font cmr12!
Missing character: There is no т in font cmr12!
Missing character: There is no е in font cmr12!
Missing character: There is no х in font cmr12!

LaTeX Warning: Command \cyrf invalid in math mode on input line 113.


LaTeX Warning: Command \cyri invalid in math mode on input line 113.


LaTeX Warning: Command \cyrz invalid in math mode on input line 113.


LaTeX Warning: Command \cyrt invalid in math mode on input line 113.


LaTeX Warning: Command \cyre invalid in math mode on input line 113.


LaTeX Warning: Command \cyrh invalid in math mode on input line 113.


LaTeX Warning: Command \cyrf invalid in math mode on input line 113.


LaTeX Warning: Command \cyri invalid in math mode on input line 113.


LaTeX Warning: Command \cyrz invalid in math mode on input line 113.


LaTeX Warning: Command \cyrt invalid in math mode on input line 113.


LaTeX Warning: Command \cyre invalid in math mode on input line 113.


LaTeX Warning: Command \cyrh invalid in math mode on input line 113.

Missing character: There is no ф in font cmr12!
Missing character: There is no и in font cmr12!
Missing character: There is no з in font cmr12!
Missing character: There is no т in font cmr12!
Missing character: There is no е in font cmr12!
Missing character: There is no х in font cmr12!
Missing character: There is no ф in font cmr12!
Missing character: There is no и in font cmr12!
Missing character: There is no з in font cmr12!
Missing character: There is no т in font cmr12!
Missing character: There is no е in font cmr12!
Missing character: There is no х in font cmr12!

LaTeX Warning: Command \cyrf invalid in math mode on input line 117.


LaTeX Warning: Command \cyri invalid in math mode on input line 117.


LaTeX Warning: Command \cyrz invalid in math mode on input line 117.


LaTeX Warning: Command \cyrt invalid in math mode on input line 117.


LaTeX Warning: Command \cyre invalid in math mode on input line 117.


LaTeX Warning: Command \cyrh invalid in math mode on input line 117.


LaTeX Warning: Command \cyrf invalid in math mode on input line 117.


LaTeX Warning: Command \cyri invalid in math mode on input line 117.


LaTeX Warning: Command \cyrz invalid in math mode on input line 117.


LaTeX Warning: Command \cyrt invalid in math mode on input line 117.


LaTeX Warning: Command \cyre invalid in math mode on input line 117.


LaTeX Warning: Command \cyrh invalid in math mode on input line 117.

Missing character: There is no ф in font cmr12!
Missing character: There is no и in font cmr12!
Missing character: There is no з in font cmr12!
Missing character: There is no т in font cmr12!
Missing character: There is no е in font cmr12!
Missing character: There is no х in font cmr12!
Missing character: There is no ф in font cmr12!
Missing character: There is no и in font cmr12!
Missing character: There is no з in font cmr12!
Missing character: There is no т in font cmr12!
Missing character: There is no е in font cmr12!
Missing character: There is no х in font cmr12!

LaTeX Warning: Command \cyrf invalid in math mode on input line 119.


LaTeX Warning: Command \cyri invalid in math mode on input line 119.


LaTeX Warning: Command \cyrz invalid in math mode on input line 119.


LaTeX Warning: Command \cyrt invalid in math mode on input line 119.


LaTeX Warning: Command \cyre invalid in math mode on input line 119.


LaTeX Warning: Command \cyrh invalid in math mode on input line 119.

Missing character: There is no ф in font cmr12!
Missing character: There is no и in font cmr12!
Missing character: There is no з in font cmr12!
Missing character: There is no т in font cmr12!
Missing character: There is no е in font cmr12!
Missing character: There is no х in font cmr12!

Overfull \hbox (25.2987pt too wide) in paragraph at lines 119--120
[]\T2A/cmr/m/it/12 физтех.$[][][] \OT1/cmr/m/n/12 = \OML/cmm/m/it/12 p < \OT1/c
mr/m/n/12 1$\T2A/cmr/m/it/12 , физ-тех.тогда физ-тех.ряд физтех.$[] \OML/cmm/m/
it/12 :a[]$ \T2A/cmr/m/it/12 физ-тех.сходится. 
 []


LaTeX Warning: Command \cyrf invalid in math mode on input line 120.


LaTeX Warning: Command \cyri invalid in math mode on input line 120.


LaTeX Warning: Command \cyrz invalid in math mode on input line 120.


LaTeX Warning: Command \cyrt invalid in math mode on input line 120.


LaTeX Warning: Command \cyre invalid in math mode on input line 120.


LaTeX Warning: Command \cyrh invalid in math mode on input line 120.

Missing character: There is no ф in font cmr12!
Missing character: There is no и in font cmr12!
Missing character: There is no з in font cmr12!
Missing character: There is no т in font cmr12!
Missing character: There is no е in font cmr12!
Missing character: There is no х in font cmr12!

Overfull \hbox (36.16905pt too wide) in paragraph at lines 120--121
[]\T2A/cmr/m/it/12 физтех.$[][][] \OT1/cmr/m/n/12 = \OML/cmm/m/it/12 q > \OT1/c
mr/m/n/12 1$\T2A/cmr/m/it/12 , физ-тех.тогда физ-тех.ряд физтех.$[] \OML/cmm/m/
it/12 :a[]$ \T2A/cmr/m/it/12 физ-тех.расходится. 
 []

[4]

LaTeX Warning: Command \cyrf invalid in math mode on input line 125.


LaTeX Warning: Command \cyri invalid in math mode on input line 125.


LaTeX Warning: Command \cyrz invalid in math mode on input line 125.


LaTeX Warning: Command \cyrt invalid in math mode on input line 125.


LaTeX Warning: Command \cyre invalid in math mode on input line 125.


LaTeX Warning: Command \cyrh invalid in math mode on input line 125.


LaTeX Warning: Command \cyrf invalid in math mode on input line 125.


LaTeX Warning: Command \cyri invalid in math mode on input line 125.


LaTeX Warning: Command \cyrz invalid in math mode on input line 125.


LaTeX Warning: Command \cyrt invalid in math mode on input line 125.


LaTeX Warning: Command \cyre invalid in math mode on input line 125.


LaTeX Warning: Command \cyrh invalid in math mode on input line 125.


LaTeX Warning: Command \cyrf invalid in math mode on input line 125.


LaTeX Warning: Command \cyri invalid in math mode on input line 125.


LaTeX Warning: Command \cyrz invalid in math mode on input line 125.


LaTeX Warning: Command \cyrt invalid in math mode on input line 125.


LaTeX Warning: Command \cyre invalid in math mode on input line 125.


LaTeX Warning: Command \cyrh invalid in math mode on input line 125.


LaTeX Warning: Command \cyrf invalid in math mode on input line 125.


LaTeX Warning: Command \cyri invalid in math mode on input line 125.


LaTeX Warning: Command \cyrz invalid in math mode on input line 125.


LaTeX Warning: Command \cyrt invalid in math mode on input line 125.


LaTeX Warning: Command \cyre invalid in math mode on input line 125.


LaTeX Warning: Command \cyrh invalid in math mode on input line 125.


! LaTeX Error: Invalid UTF-8 byte sequence (С$).

See the LaTeX manual or LaTeX Companion for explanation.
Type  H <return>  for immediate help.
 ...                                              
                                                  
l.125 ...ёР·С‚РµС….\frac{a_{n+1}}{a_n}<p+\eps=\t С
                                                  „РёР·С‚РµС….p<1\]
The document does not appear to be in UTF-8 encoding.
Try adding \UseRawInputEncoding as the first line of the file
or specify an encoding such as \usepackage [latin1]{inputenc}
in the document preamble.
Alternatively, save the file in UTF-8 using your editor or another tool

! Extra }, or forgotten $.
\@mathmeasure ...3->\setbox #1\hbox {\m@th $#2#3$}
                                                  
l.125 ...ёР·С‚РµС….\frac{a_{n+1}}{a_n}<p+\eps=\t С
                                                  „РёР·С‚РµС….p<1\]
I've deleted a group-closing symbol because it seems to be
spurious, as in `$x}$'. But perhaps the } is legitimate and
you forgot something else, as in `\hbox{$x}'. In such cases
the way to recover is to insert both the forgotten and the
deleted material, e.g., by typing `I$}'.

! Argument of \UTFviii@two@octets@combine has an extra }.
<inserted text> 
                \par 
l.125 ...ёР·С‚РµС….\frac{a_{n+1}}{a_n}<p+\eps=\t С
                                                  „РёР·С‚РµС….p<1\]
I've run across a `}' that doesn't seem to match anything.
For example, `\def\a#1{...}' and `\a}' would produce
this error. If you simply proceed now, the `\par' that
I've just inserted will cause me to report a runaway
argument that might be the root of the problem. But if
your `}' was spurious, just type `2' and it will go away.

Runaway argument?
! Paragraph ended before \UTFviii@two@octets@combine was complete.
<to be read again> 
                   \par 
l.125 ...ёР·С‚РµС….\frac{a_{n+1}}{a_n}<p+\eps=\t С
                                                  „РёР·С‚РµС….p<1\]
I suspect you've forgotten a `}', causing me to apply this
control sequence to too much text. How can we recover?
My plan is to forget the whole thing and hope for the best.

! Missing $ inserted.
<inserted text> 
                $
l.125 ...ёР·С‚РµС….\frac{a_{n+1}}{a_n}<p+\eps=\t С
                                                  „РёР·С‚РµС….p<1\]
I've inserted a begin-math/end-math symbol since I think
you left one out. Proceed, with fingers crossed.

! Missing } inserted.
<inserted text> 
                }
l.125 ...ёР·С‚РµС….\frac{a_{n+1}}{a_n}<p+\eps=\t С
                                                  „РёР·С‚РµС….p<1\]
I've inserted something that you may have forgotten.
(See the <inserted text> above.)
With luck, this will get me unwedged. But if you
really didn't forget anything, try typing `2' now; then
my insertion and my current dilemma will both disappear.

! Missing } inserted.
<inserted text> 
                }
l.125 ...ёР·С‚РµС….\frac{a_{n+1}}{a_n}<p+\eps=\t С
                                                  „РёР·С‚РµС….p<1\]
I've inserted something that you may have forgotten.
(See the <inserted text> above.)
With luck, this will get me unwedged. But if you
really didn't forget anything, try typing `2' now; then
my insertion and my current dilemma will both disappear.

! Extra }, or forgotten $.
<recently read> }
                 
l.125 ...ёР·С‚РµС….\frac{a_{n+1}}{a_n}<p+\eps=\t С
                                                  „РёР·С‚РµС….p<1\]
I've deleted a group-closing symbol because it seems to be
spurious, as in `$x}$'. But perhaps the } is legitimate and
you forgot something else, as in `\hbox{$x}'. In such cases
the way to recover is to insert both the forgotten and the
deleted material, e.g., by typing `I$}'.


! LaTeX Error: Invalid UTF-8 byte "84.

See the LaTeX manual or LaTeX Companion for explanation.
Type  H <return>  for immediate help.
 ...                                              
                                                  
l.125 ...Р·С‚РµС….\frac{a_{n+1}}{a_n}<p+\eps=\t С„
                                                  РёР·С‚РµС….p<1\]
The document does not appear to be in UTF-8 encoding.
Try adding \UseRawInputEncoding as the first line of the file
or specify an encoding such as \usepackage [latin1]{inputenc}
in the document preamble.
Alternatively, save the file in UTF-8 using your editor or another tool


LaTeX Warning: Command \cyri invalid in math mode on input line 125.


LaTeX Warning: Command \cyrz invalid in math mode on input line 125.


LaTeX Warning: Command \cyrt invalid in math mode on input line 125.


LaTeX Warning: Command \cyre invalid in math mode on input line 125.


LaTeX Warning: Command \cyrh invalid in math mode on input line 125.

Missing character: There is no ф in font cmr12!
Missing character: There is no и in font cmr12!
Missing character: There is no з in font cmr12!
Missing character: There is no т in font cmr12!
Missing character: There is no е in font cmr12!
Missing character: There is no х in font cmr12!
Missing character: There is no ф in font cmr12!
Missing character: There is no и in font cmr12!
Missing character: There is no з in font cmr12!
Missing character: There is no т in font cmr12!
Missing character: There is no е in font cmr12!
Missing character: There is no х in font cmr12!
Missing character: There is no ф in font cmr12!
Missing character: There is no и in font cmr12!
Missing character: There is no з in font cmr12!
Missing character: There is no т in font cmr12!
Missing character: There is no е in font cmr12!
Missing character: There is no х in font cmr12!
Missing character: There is no ф in font cmr12!
Missing character: There is no и in font cmr12!
Missing character: There is no з in font cmr12!
Missing character: There is no т in font cmr12!
Missing character: There is no е in font cmr12!
Missing character: There is no х in font cmr12!
Missing character: There is no и in font cmr12!
Missing character: There is no з in font cmr12!
Missing character: There is no т in font cmr12!
Missing character: There is no е in font cmr12!
Missing character: There is no х in font cmr12!

LaTeX Warning: Command \cyrf invalid in math mode on input line 126.


LaTeX Warning: Command \cyri invalid in math mode on input line 126.


LaTeX Warning: Command \cyrz invalid in math mode on input line 126.


LaTeX Warning: Command \cyrt invalid in math mode on input line 126.


LaTeX Warning: Command \cyre invalid in math mode on input line 126.


LaTeX Warning: Command \cyrh invalid in math mode on input line 126.


LaTeX Warning: Command \cyrf invalid in math mode on input line 126.


LaTeX Warning: Command \cyri invalid in math mode on input line 126.


LaTeX Warning: Command \cyrz invalid in math mode on input line 126.


LaTeX Warning: Command \cyrt invalid in math mode on input line 126.


LaTeX Warning: Command \cyre invalid in math mode on input line 126.


LaTeX Warning: Command \cyrh invalid in math mode on input line 126.


LaTeX Warning: Command \cyrf invalid in math mode on input line 126.


LaTeX Warning: Command \cyri invalid in math mode on input line 126.


LaTeX Warning: Command \cyrz invalid in math mode on input line 126.


LaTeX Warning: Command \cyrt invalid in math mode on input line 126.


LaTeX Warning: Command \cyre invalid in math mode on input line 126.


LaTeX Warning: Command \cyrh invalid in math mode on input line 126.


LaTeX Warning: Command \cyrf invalid in math mode on input line 126.


LaTeX Warning: Command \cyri invalid in math mode on input line 126.


LaTeX Warning: Command \cyrz invalid in math mode on input line 126.


LaTeX Warning: Command \cyrt invalid in math mode on input line 126.


LaTeX Warning: Command \cyre invalid in math mode on input line 126.


LaTeX Warning: Command \cyrh invalid in math mode on input line 126.


! LaTeX Error: Invalid UTF-8 byte sequence (С$).

See the LaTeX manual or LaTeX Companion for explanation.
Type  H <return>  for immediate help.
 ...                                              
                                                  
l.126 ...{a_{N+1}}{a_N}\cdot С„РёР·С‚РµС….a_N<\t С
                                                  „РёР·С‚РµС….p^k\cdot С„РёР...

The document does not appear to be in UTF-8 encoding.
Try adding \UseRawInputEncoding as the first line of the file
or specify an encoding such as \usepackage [latin1]{inputenc}
in the document preamble.
Alternatively, save the file in UTF-8 using your editor or another tool

! Extra }, or forgotten $.
\@mathmeasure ...3->\setbox #1\hbox {\m@th $#2#3$}
                                                  
l.126 ...{a_{N+1}}{a_N}\cdot С„РёР·С‚РµС….a_N<\t С
                                                  „РёР·С‚РµС….p^k\cdot С„РёР...
I've deleted a group-closing symbol because it seems to be
spurious, as in `$x}$'. But perhaps the } is legitimate and
you forgot something else, as in `\hbox{$x}'. In such cases
the way to recover is to insert both the forgotten and the
deleted material, e.g., by typing `I$}'.

! Argument of \UTFviii@two@octets@combine has an extra }.
<inserted text> 
                \par 
l.126 ...{a_{N+1}}{a_N}\cdot С„РёР·С‚РµС….a_N<\t С
                                                  „РёР·С‚РµС….p^k\cdot С„РёР...
I've run across a `}' that doesn't seem to match anything.
For example, `\def\a#1{...}' and `\a}' would produce
this error. If you simply proceed now, the `\par' that
I've just inserted will cause me to report a runaway
argument that might be the root of the problem. But if
your `}' was spurious, just type `2' and it will go away.

Runaway argument?
! Paragraph ended before \UTFviii@two@octets@combine was complete.
<to be read again> 
                   \par 
l.126 ...{a_{N+1}}{a_N}\cdot С„РёР·С‚РµС….a_N<\t С
                                                  „РёР·С‚РµС….p^k\cdot С„РёР...
I suspect you've forgotten a `}', causing me to apply this
control sequence to too much text. How can we recover?
My plan is to forget the whole thing and hope for the best.

! Missing $ inserted.
<inserted text> 
                $
l.126 ...{a_{N+1}}{a_N}\cdot С„РёР·С‚РµС….a_N<\t С
                                                  „РёР·С‚РµС….p^k\cdot С„РёР...
I've inserted a begin-math/end-math symbol since I think
you left one out. Proceed, with fingers crossed.

! Missing } inserted.
<inserted text> 
                }
l.126 ...{a_{N+1}}{a_N}\cdot С„РёР·С‚РµС….a_N<\t С
                                                  „РёР·С‚РµС….p^k\cdot С„РёР...
I've inserted something that you may have forgotten.
(See the <inserted text> above.)
With luck, this will get me unwedged. But if you
really didn't forget anything, try typing `2' now; then
my insertion and my current dilemma will both disappear.

! Missing } inserted.
<inserted text> 
                }
l.126 ...{a_{N+1}}{a_N}\cdot С„РёР·С‚РµС….a_N<\t С
                                                  „РёР·С‚РµС….p^k\cdot С„РёР...
I've inserted something that you may have forgotten.
(See the <inserted text> above.)
With luck, this will get me unwedged. But if you
really didn't forget anything, try typing `2' now; then
my insertion and my current dilemma will both disappear.

! Extra }, or forgotten $.
<recently read> }
                 
l.126 ...{a_{N+1}}{a_N}\cdot С„РёР·С‚РµС….a_N<\t С
                                                  „РёР·С‚РµС….p^k\cdot С„РёР...
I've deleted a group-closing symbol because it seems to be
spurious, as in `$x}$'. But perhaps the } is legitimate and
you forgot something else, as in `\hbox{$x}'. In such cases
the way to recover is to insert both the forgotten and the
deleted material, e.g., by typing `I$}'.


! LaTeX Error: Invalid UTF-8 byte "84.

See the LaTeX manual or LaTeX Companion for explanation.
Type  H <return>  for immediate help.
 ...                                              
                                                  
l.126 ...a_{N+1}}{a_N}\cdot С„РёР·С‚РµС….a_N<\t С„
                                                  РёР·С‚РµС….p^k\cdot С„РёР·...

The document does not appear to be in UTF-8 encoding.
Try adding \UseRawInputEncoding as the first line of the file
or specify an encoding such as \usepackage [latin1]{inputenc}
in the document preamble.
Alternatively, save the file in UTF-8 using your editor or another tool


LaTeX Warning: Command \cyri invalid in math mode on input line 126.


LaTeX Warning: Command \cyrz invalid in math mode on input line 126.


LaTeX Warning: Command \cyrt invalid in math mode on input line 126.


LaTeX Warning: Command \cyre invalid in math mode on input line 126.


LaTeX Warning: Command \cyrh invalid in math mode on input line 126.


LaTeX Warning: Command \cyrf invalid in math mode on input line 126.


LaTeX Warning: Command \cyri invalid in math mode on input line 126.


LaTeX Warning: Command \cyrz invalid in math mode on input line 126.


LaTeX Warning: Command \cyrt invalid in math mode on input line 126.


LaTeX Warning: Command \cyre invalid in math mode on input line 126.


LaTeX Warning: Command \cyrh invalid in math mode on input line 126.

Missing character: There is no ф in font cmr12!
Missing character: There is no и in font cmr12!
Missing character: There is no з in font cmr12!
Missing character: There is no т in font cmr12!
Missing character: There is no е in font cmr12!
Missing character: There is no х in font cmr12!
Missing character: There is no ф in font cmr12!
Missing character: There is no и in font cmr12!
Missing character: There is no з in font cmr12!
Missing character: There is no т in font cmr12!
Missing character: There is no е in font cmr12!
Missing character: There is no х in font cmr12!
Missing character: There is no ф in font cmr12!
Missing character: There is no и in font cmr12!
Missing character: There is no з in font cmr12!
Missing character: There is no т in font cmr12!
Missing character: There is no е in font cmr12!
Missing character: There is no х in font cmr12!
Missing character: There is no ф in font cmr12!
Missing character: There is no и in font cmr12!
Missing character: There is no з in font cmr12!
Missing character: There is no т in font cmr12!
Missing character: There is no е in font cmr12!
Missing character: There is no х in font cmr12!
Missing character: There is no и in font cmr12!
Missing character: There is no з in font cmr12!
Missing character: There is no т in font cmr12!
Missing character: There is no е in font cmr12!
Missing character: There is no х in font cmr12!
Missing character: There is no ф in font cmr12!
Missing character: There is no и in font cmr12!
Missing character: There is no з in font cmr12!
Missing character: There is no т in font cmr12!
Missing character: There is no е in font cmr12!
Missing character: There is no х in font cmr12!

LaTeX Warning: Reference `12_th3' on page 5 undefined on input line 127.


LaTeX Warning: Command \cyrf invalid in math mode on input line 131.


LaTeX Warning: Command \cyri invalid in math mode on input line 131.


LaTeX Warning: Command \cyrz invalid in math mode on input line 131.


LaTeX Warning: Command \cyrt invalid in math mode on input line 131.


LaTeX Warning: Command \cyre invalid in math mode on input line 131.


LaTeX Warning: Command \cyrh invalid in math mode on input line 131.


LaTeX Warning: Command \cyrf invalid in math mode on input line 131.


LaTeX Warning: Command \cyri invalid in math mode on input line 131.


LaTeX Warning: Command \cyrz invalid in math mode on input line 131.


LaTeX Warning: Command \cyrt invalid in math mode on input line 131.


LaTeX Warning: Command \cyre invalid in math mode on input line 131.


LaTeX Warning: Command \cyrh invalid in math mode on input line 131.

Missing character: There is no ф in font cmr12!
Missing character: There is no и in font cmr12!
Missing character: There is no з in font cmr12!
Missing character: There is no т in font cmr12!
Missing character: There is no е in font cmr12!
Missing character: There is no х in font cmr12!
Missing character: There is no ф in font cmr12!
Missing character: There is no и in font cmr12!
Missing character: There is no з in font cmr12!
Missing character: There is no т in font cmr12!
Missing character: There is no е in font cmr12!
Missing character: There is no х in font cmr12!

LaTeX Warning: Command \cyrf invalid in math mode on input line 133.


LaTeX Warning: Command \cyri invalid in math mode on input line 133.


LaTeX Warning: Command \cyrz invalid in math mode on input line 133.


LaTeX Warning: Command \cyrt invalid in math mode on input line 133.


LaTeX Warning: Command \cyre invalid in math mode on input line 133.


LaTeX Warning: Command \cyrh invalid in math mode on input line 133.

Missing character: There is no ф in font cmr12!
Missing character: There is no и in font cmr12!
Missing character: There is no з in font cmr12!
Missing character: There is no т in font cmr12!
Missing character: There is no е in font cmr12!
Missing character: There is no х in font cmr12!

LaTeX Warning: Command \cyrf invalid in math mode on input line 134.


LaTeX Warning: Command \cyri invalid in math mode on input line 134.


LaTeX Warning: Command \cyrz invalid in math mode on input line 134.


LaTeX Warning: Command \cyrt invalid in math mode on input line 134.


LaTeX Warning: Command \cyre invalid in math mode on input line 134.


LaTeX Warning: Command \cyrh invalid in math mode on input line 134.

Missing character: There is no ф in font cmr12!
Missing character: There is no и in font cmr12!
Missing character: There is no з in font cmr12!
Missing character: There is no т in font cmr12!
Missing character: There is no е in font cmr12!
Missing character: There is no х in font cmr12!

LaTeX Warning: Command \cyrf invalid in math mode on input line 139.


LaTeX Warning: Command \cyri invalid in math mode on input line 139.


LaTeX Warning: Command \cyrz invalid in math mode on input line 139.


LaTeX Warning: Command \cyrt invalid in math mode on input line 139.


LaTeX Warning: Command \cyre invalid in math mode on input line 139.


LaTeX Warning: Command \cyrh invalid in math mode on input line 139.


LaTeX Warning: Command \cyrf invalid in math mode on input line 139.


LaTeX Warning: Command \cyri invalid in math mode on input line 139.


LaTeX Warning: Command \cyrz invalid in math mode on input line 139.


LaTeX Warning: Command \cyrt invalid in math mode on input line 139.


LaTeX Warning: Command \cyre invalid in math mode on input line 139.


LaTeX Warning: Command \cyrh invalid in math mode on input line 139.


LaTeX Warning: Command \cyrf invalid in math mode on input line 139.


LaTeX Warning: Command \cyri invalid in math mode on input line 139.


LaTeX Warning: Command \cyrz invalid in math mode on input line 139.


LaTeX Warning: Command \cyrt invalid in math mode on input line 139.


LaTeX Warning: Command \cyre invalid in math mode on input line 139.


LaTeX Warning: Command \cyrh invalid in math mode on input line 139.


LaTeX Warning: Command \cyrf invalid in math mode on input line 139.


LaTeX Warning: Command \cyri invalid in math mode on input line 139.


LaTeX Warning: Command \cyrz invalid in math mode on input line 139.


LaTeX Warning: Command \cyrt invalid in math mode on input line 139.


LaTeX Warning: Command \cyre invalid in math mode on input line 139.


LaTeX Warning: Command \cyrh invalid in math mode on input line 139.


! LaTeX Error: Invalid UTF-8 byte sequence (С$).

See the LaTeX manual or LaTeX Companion for explanation.
Type  H <return>  for immediate help.
 ...                                              
                                                  
l.139 ...N)\ С„РёР·С‚РµС….sqrt[n]{a_n}<p+\eps=\t С
                                                  „РёР·С‚РµС….p<1,\ С„РёР·С‚...

The document does not appear to be in UTF-8 encoding.
Try adding \UseRawInputEncoding as the first line of the file
or specify an encoding such as \usepackage [latin1]{inputenc}
in the document preamble.
Alternatively, save the file in UTF-8 using your editor or another tool

! Extra }, or forgotten $.
\@mathmeasure ...3->\setbox #1\hbox {\m@th $#2#3$}
                                                  
l.139 ...N)\ С„РёР·С‚РµС….sqrt[n]{a_n}<p+\eps=\t С
                                                  „РёР·С‚РµС….p<1,\ С„РёР·С‚...
I've deleted a group-closing symbol because it seems to be
spurious, as in `$x}$'. But perhaps the } is legitimate and
you forgot something else, as in `\hbox{$x}'. In such cases
the way to recover is to insert both the forgotten and the
deleted material, e.g., by typing `I$}'.

! Argument of \UTFviii@two@octets@combine has an extra }.
<inserted text> 
                \par 
l.139 ...N)\ С„РёР·С‚РµС….sqrt[n]{a_n}<p+\eps=\t С
                                                  „РёР·С‚РµС….p<1,\ С„РёР·С‚...
I've run across a `}' that doesn't seem to match anything.
For example, `\def\a#1{...}' and `\a}' would produce
this error. If you simply proceed now, the `\par' that
I've just inserted will cause me to report a runaway
argument that might be the root of the problem. But if
your `}' was spurious, just type `2' and it will go away.

Runaway argument?
! Paragraph ended before \UTFviii@two@octets@combine was complete.
<to be read again> 
                   \par 
l.139 ...N)\ С„РёР·С‚РµС….sqrt[n]{a_n}<p+\eps=\t С
                                                  „РёР·С‚РµС….p<1,\ С„РёР·С‚...
I suspect you've forgotten a `}', causing me to apply this
control sequence to too much text. How can we recover?
My plan is to forget the whole thing and hope for the best.

! Missing $ inserted.
<inserted text> 
                $
l.139 ...N)\ С„РёР·С‚РµС….sqrt[n]{a_n}<p+\eps=\t С
                                                  „РёР·С‚РµС….p<1,\ С„РёР·С‚...
I've inserted a begin-math/end-math symbol since I think
you left one out. Proceed, with fingers crossed.

! Missing } inserted.
<inserted text> 
                }
l.139 ...N)\ С„РёР·С‚РµС….sqrt[n]{a_n}<p+\eps=\t С
                                                  „РёР·С‚РµС….p<1,\ С„РёР·С‚...
I've inserted something that you may have forgotten.
(See the <inserted text> above.)
With luck, this will get me unwedged. But if you
really didn't forget anything, try typing `2' now; then
my insertion and my current dilemma will both disappear.

! Missing } inserted.
<inserted text> 
                }
l.139 ...N)\ С„РёР·С‚РµС….sqrt[n]{a_n}<p+\eps=\t С
                                                  „РёР·С‚РµС….p<1,\ С„РёР·С‚...
I've inserted something that you may have forgotten.
(See the <inserted text> above.)
With luck, this will get me unwedged. But if you
really didn't forget anything, try typing `2' now; then
my insertion and my current dilemma will both disappear.

! Extra }, or forgotten $.
<recently read> }
                 
l.139 ...N)\ С„РёР·С‚РµС….sqrt[n]{a_n}<p+\eps=\t С
                                                  „РёР·С‚РµС….p<1,\ С„РёР·С‚...
I've deleted a group-closing symbol because it seems to be
spurious, as in `$x}$'. But perhaps the } is legitimate and
you forgot something else, as in `\hbox{$x}'. In such cases
the way to recover is to insert both the forgotten and the
deleted material, e.g., by typing `I$}'.


! LaTeX Error: Invalid UTF-8 byte "84.

See the LaTeX manual or LaTeX Companion for explanation.
Type  H <return>  for immediate help.
 ...                                              
                                                  
l.139 ...)\ С„РёР·С‚РµС….sqrt[n]{a_n}<p+\eps=\t С„
                                                  РёР·С‚РµС….p<1,\ С„РёР·С‚Р...

The document does not appear to be in UTF-8 encoding.
Try adding \UseRawInputEncoding as the first line of the file
or specify an encoding such as \usepackage [latin1]{inputenc}
in the document preamble.
Alternatively, save the file in UTF-8 using your editor or another tool


LaTeX Warning: Command \cyri invalid in math mode on input line 139.


LaTeX Warning: Command \cyrz invalid in math mode on input line 139.


LaTeX Warning: Command \cyrt invalid in math mode on input line 139.


LaTeX Warning: Command \cyre invalid in math mode on input line 139.


LaTeX Warning: Command \cyrh invalid in math mode on input line 139.


LaTeX Warning: Command \cyrf invalid in math mode on input line 139.


LaTeX Warning: Command \cyri invalid in math mode on input line 139.


LaTeX Warning: Command \cyrz invalid in math mode on input line 139.


LaTeX Warning: Command \cyrt invalid in math mode on input line 139.


LaTeX Warning: Command \cyre invalid in math mode on input line 139.


LaTeX Warning: Command \cyrh invalid in math mode on input line 139.


! LaTeX Error: Invalid UTF-8 byte sequence (С$).

See the LaTeX manual or LaTeX Companion for explanation.
Type  H <return>  for immediate help.
 ...                                              
                                                  
l.139 ...С„РёР·С‚РµС….p<1,\ С„РёР·С‚РµС….a_n<(\t С
                                                  „РёР·С‚РµС….p)^n,\ С„РёР·С...

The document does not appear to be in UTF-8 encoding.
Try adding \UseRawInputEncoding as the first line of the file
or specify an encoding such as \usepackage [latin1]{inputenc}
in the document preamble.
Alternatively, save the file in UTF-8 using your editor or another tool

! Extra }, or forgotten $.
\@mathmeasure ...3->\setbox #1\hbox {\m@th $#2#3$}
                                                  
l.139 ...С„РёР·С‚РµС….p<1,\ С„РёР·С‚РµС….a_n<(\t С
                                                  „РёР·С‚РµС….p)^n,\ С„РёР·С...
I've deleted a group-closing symbol because it seems to be
spurious, as in `$x}$'. But perhaps the } is legitimate and
you forgot something else, as in `\hbox{$x}'. In such cases
the way to recover is to insert both the forgotten and the
deleted material, e.g., by typing `I$}'.

! Argument of \UTFviii@two@octets@combine has an extra }.
<inserted text> 
                \par 
l.139 ...С„РёР·С‚РµС….p<1,\ С„РёР·С‚РµС….a_n<(\t С
                                                  „РёР·С‚РµС….p)^n,\ С„РёР·С...
I've run across a `}' that doesn't seem to match anything.
For example, `\def\a#1{...}' and `\a}' would produce
this error. If you simply proceed now, the `\par' that
I've just inserted will cause me to report a runaway
argument that might be the root of the problem. But if
your `}' was spurious, just type `2' and it will go away.

Runaway argument?
! Paragraph ended before \UTFviii@two@octets@combine was complete.
<to be read again> 
                   \par 
l.139 ...С„РёР·С‚РµС….p<1,\ С„РёР·С‚РµС….a_n<(\t С
                                                  „РёР·С‚РµС….p)^n,\ С„РёР·С...
I suspect you've forgotten a `}', causing me to apply this
control sequence to too much text. How can we recover?
My plan is to forget the whole thing and hope for the best.

! Missing $ inserted.
<inserted text> 
                $
l.139 ...С„РёР·С‚РµС….p<1,\ С„РёР·С‚РµС….a_n<(\t С
                                                  „РёР·С‚РµС….p)^n,\ С„РёР·С...
I've inserted a begin-math/end-math symbol since I think
you left one out. Proceed, with fingers crossed.

! Missing } inserted.
<inserted text> 
                }
l.139 ...С„РёР·С‚РµС….p<1,\ С„РёР·С‚РµС….a_n<(\t С
                                                  „РёР·С‚РµС….p)^n,\ С„РёР·С...
I've inserted something that you may have forgotten.
(See the <inserted text> above.)
With luck, this will get me unwedged. But if you
really didn't forget anything, try typing `2' now; then
my insertion and my current dilemma will both disappear.

! Missing } inserted.
<inserted text> 
                }
l.139 ...С„РёР·С‚РµС….p<1,\ С„РёР·С‚РµС….a_n<(\t С
                                                  „РёР·С‚РµС….p)^n,\ С„РёР·С...
I've inserted something that you may have forgotten.
(See the <inserted text> above.)
With luck, this will get me unwedged. But if you
really didn't forget anything, try typing `2' now; then
my insertion and my current dilemma will both disappear.

! Extra }, or forgotten $.
<recently read> }
                 
l.139 ...С„РёР·С‚РµС….p<1,\ С„РёР·С‚РµС….a_n<(\t С
                                                  „РёР·С‚РµС….p)^n,\ С„РёР·С...
I've deleted a group-closing symbol because it seems to be
spurious, as in `$x}$'. But perhaps the } is legitimate and
you forgot something else, as in `\hbox{$x}'. In such cases
the way to recover is to insert both the forgotten and the
deleted material, e.g., by typing `I$}'.


! LaTeX Error: Invalid UTF-8 byte "84.

See the LaTeX manual or LaTeX Companion for explanation.
Type  H <return>  for immediate help.
 ...                                              
                                                  
l.139 ...„РёР·С‚РµС….p<1,\ С„РёР·С‚РµС….a_n<(\t С„
                                                  РёР·С‚РµС….p)^n,\ С„РёР·С‚...

The document does not appear to be in UTF-8 encoding.
Try adding \UseRawInputEncoding as the first line of the file
or specify an encoding such as \usepackage [latin1]{inputenc}
in the document preamble.
Alternatively, save the file in UTF-8 using your editor or another tool


LaTeX Warning: Command \cyri invalid in math mode on input line 139.


LaTeX Warning: Command \cyrz invalid in math mode on input line 139.


LaTeX Warning: Command \cyrt invalid in math mode on input line 139.


LaTeX Warning: Command \cyre invalid in math mode on input line 139.


LaTeX Warning: Command \cyrh invalid in math mode on input line 139.


LaTeX Warning: Command \cyrf invalid in math mode on input line 139.


LaTeX Warning: Command \cyri invalid in math mode on input line 139.


LaTeX Warning: Command \cyrz invalid in math mode on input line 139.


LaTeX Warning: Command \cyrt invalid in math mode on input line 139.


LaTeX Warning: Command \cyre invalid in math mode on input line 139.


LaTeX Warning: Command \cyrh invalid in math mode on input line 139.


! LaTeX Error: Invalid UTF-8 byte sequence (С$).

See the LaTeX manual or LaTeX Companion for explanation.
Type  H <return>  for immediate help.
 ...                                              
                                                  
l.139 ...ёР·С‚РµС….p)^n,\ С„РёР·С‚РµС….ss[N+1]\t С
                                                  „РёР·С‚РµС….p\text{ С„РёР·...

The document does not appear to be in UTF-8 encoding.
Try adding \UseRawInputEncoding as the first line of the file
or specify an encoding such as \usepackage [latin1]{inputenc}
in the document preamble.
Alternatively, save the file in UTF-8 using your editor or another tool

! Extra }, or forgotten $.
\@mathmeasure ...3->\setbox #1\hbox {\m@th $#2#3$}
                                                  
l.139 ...ёР·С‚РµС….p)^n,\ С„РёР·С‚РµС….ss[N+1]\t С
                                                  „РёР·С‚РµС….p\text{ С„РёР·...
I've deleted a group-closing symbol because it seems to be
spurious, as in `$x}$'. But perhaps the } is legitimate and
you forgot something else, as in `\hbox{$x}'. In such cases
the way to recover is to insert both the forgotten and the
deleted material, e.g., by typing `I$}'.

! Argument of \UTFviii@two@octets@combine has an extra }.
<inserted text> 
                \par 
l.139 ...ёР·С‚РµС….p)^n,\ С„РёР·С‚РµС….ss[N+1]\t С
                                                  „РёР·С‚РµС….p\text{ С„РёР·...
I've run across a `}' that doesn't seem to match anything.
For example, `\def\a#1{...}' and `\a}' would produce
this error. If you simply proceed now, the `\par' that
I've just inserted will cause me to report a runaway
argument that might be the root of the problem. But if
your `}' was spurious, just type `2' and it will go away.

Runaway argument?
! Paragraph ended before \UTFviii@two@octets@combine was complete.
<to be read again> 
                   \par 
l.139 ...ёР·С‚РµС….p)^n,\ С„РёР·С‚РµС….ss[N+1]\t С
                                                  „РёР·С‚РµС….p\text{ С„РёР·...
I suspect you've forgotten a `}', causing me to apply this
control sequence to too much text. How can we recover?
My plan is to forget the whole thing and hope for the best.

! Missing $ inserted.
<inserted text> 
                $
l.139 ...ёР·С‚РµС….p)^n,\ С„РёР·С‚РµС….ss[N+1]\t С
                                                  „РёР·С‚РµС….p\text{ С„РёР·...
I've inserted a begin-math/end-math symbol since I think
you left one out. Proceed, with fingers crossed.

! Missing } inserted.
<inserted text> 
                }
l.139 ...ёР·С‚РµС….p)^n,\ С„РёР·С‚РµС….ss[N+1]\t С
                                                  „РёР·С‚РµС….p\text{ С„РёР·...
I've inserted something that you may have forgotten.
(See the <inserted text> above.)
With luck, this will get me unwedged. But if you
really didn't forget anything, try typing `2' now; then
my insertion and my current dilemma will both disappear.

! Missing } inserted.
<inserted text> 
                }
l.139 ...ёР·С‚РµС….p)^n,\ С„РёР·С‚РµС….ss[N+1]\t С
                                                  „РёР·С‚РµС….p\text{ С„РёР·...
I've inserted something that you may have forgotten.
(See the <inserted text> above.)
With luck, this will get me unwedged. But if you
really didn't forget anything, try typing `2' now; then
my insertion and my current dilemma will both disappear.

! Extra }, or forgotten $.
<recently read> }
                 
l.139 ...ёР·С‚РµС….p)^n,\ С„РёР·С‚РµС….ss[N+1]\t С
                                                  „РёР·С‚РµС….p\text{ С„РёР·...
I've deleted a group-closing symbol because it seems to be
spurious, as in `$x}$'. But perhaps the } is legitimate and
you forgot something else, as in `\hbox{$x}'. In such cases
the way to recover is to insert both the forgotten and the
deleted material, e.g., by typing `I$}'.


! LaTeX Error: Invalid UTF-8 byte "84.

See the LaTeX manual or LaTeX Companion for explanation.
Type  H <return>  for immediate help.
 ...                                              
                                                  
l.139 ...Р·С‚РµС….p)^n,\ С„РёР·С‚РµС….ss[N+1]\t С„
                                                  РёР·С‚РµС….p\text{ С„РёР·С...

The document does not appear to be in UTF-8 encoding.
Try adding \UseRawInputEncoding as the first line of the file
or specify an encoding such as \usepackage [latin1]{inputenc}
in the document preamble.
Alternatively, save the file in UTF-8 using your editor or another tool


LaTeX Warning: Command \cyri invalid in math mode on input line 139.


LaTeX Warning: Command \cyrz invalid in math mode on input line 139.


LaTeX Warning: Command \cyrt invalid in math mode on input line 139.


LaTeX Warning: Command \cyre invalid in math mode on input line 139.


LaTeX Warning: Command \cyrh invalid in math mode on input line 139.

Missing character: There is no ф in font cmr12!
Missing character: There is no и in font cmr12!
Missing character: There is no з in font cmr12!
Missing character: There is no т in font cmr12!
Missing character: There is no е in font cmr12!
Missing character: There is no х in font cmr12!
Missing character: There is no ф in font cmr12!
Missing character: There is no и in font cmr12!
Missing character: There is no з in font cmr12!
Missing character: There is no т in font cmr12!
Missing character: There is no е in font cmr12!
Missing character: There is no х in font cmr12!
Missing character: There is no ф in font cmr12!
Missing character: There is no и in font cmr12!
Missing character: There is no з in font cmr12!
Missing character: There is no т in font cmr12!
Missing character: There is no е in font cmr12!
Missing character: There is no х in font cmr12!
Missing character: There is no ф in font cmr12!
Missing character: There is no и in font cmr12!
Missing character: There is no з in font cmr12!
Missing character: There is no т in font cmr12!
Missing character: There is no е in font cmr12!
Missing character: There is no х in font cmr12!
Missing character: There is no и in font cmr12!
Missing character: There is no з in font cmr12!
Missing character: There is no т in font cmr12!
Missing character: There is no е in font cmr12!
Missing character: There is no х in font cmr12!
Missing character: There is no ф in font cmr12!
Missing character: There is no и in font cmr12!
Missing character: There is no з in font cmr12!
Missing character: There is no т in font cmr12!
Missing character: There is no е in font cmr12!
Missing character: There is no х in font cmr12!
Missing character: There is no и in font cmr12!
Missing character: There is no з in font cmr12!
Missing character: There is no т in font cmr12!
Missing character: There is no е in font cmr12!
Missing character: There is no х in font cmr12!
Missing character: There is no ф in font cmr12!
Missing character: There is no и in font cmr12!
Missing character: There is no з in font cmr12!
Missing character: There is no т in font cmr12!
Missing character: There is no е in font cmr12!
Missing character: There is no х in font cmr12!
Missing character: There is no и in font cmr12!
Missing character: There is no з in font cmr12!
Missing character: There is no т in font cmr12!
Missing character: There is no е in font cmr12!
Missing character: There is no х in font cmr12!

Overfull \hbox (100.30923pt too wide) detected at line 139
\OML/cmm/m/it/12 p \OT1/cmr/m/n/12 := [][]\OML/cmm/m/it/12 ; :\OT1/cmr/m/n/12 (
\OMS/cmsy/m/n/12 8\OML/cmm/m/it/12 " > \OT1/cmr/m/n/12 0)(\OMS/cmsy/m/n/12 9\OM
L/cmm/m/it/12 :N \OMS/cmsy/m/n/12 2 \U/msb/m/n/12 N\OT1/cmr/m/n/12 )(\OMS/cmsy/
m/n/12 8\OML/cmm/m/it/12 :n > N\OT1/cmr/m/n/12 ) \OML/cmm/m/it/12 :sqrt\OT1/cmr
/m/n/12 [\OML/cmm/m/it/12 n\OT1/cmr/m/n/12 ][] \OML/cmm/m/it/12 < p \OT1/cmr/m/
n/12 + \OML/cmm/m/it/12 " \OT1/cmr/m/n/12 = \OML/cmm/m/it/12 :p < \OT1/cmr/m/n/
12 1\OML/cmm/m/it/12 ; :a[] < \OT1/cmr/m/n/12 (\OML/cmm/m/it/12 :p\OT1/cmr/m/n/
12 )[]\OML/cmm/m/it/12 ; :ss\OT1/cmr/m/n/12 [\OML/cmm/m/it/12 N \OT1/cmr/m/n/12
 + 1]\OML/cmm/m/it/12 :p[]
 []


LaTeX Warning: Command \cyrf invalid in math mode on input line 140.


LaTeX Warning: Command \cyri invalid in math mode on input line 140.


LaTeX Warning: Command \cyrz invalid in math mode on input line 140.


LaTeX Warning: Command \cyrt invalid in math mode on input line 140.


LaTeX Warning: Command \cyre invalid in math mode on input line 140.


LaTeX Warning: Command \cyrh invalid in math mode on input line 140.


LaTeX Warning: Command \cyrf invalid in math mode on input line 140.


LaTeX Warning: Command \cyri invalid in math mode on input line 140.


LaTeX Warning: Command \cyrz invalid in math mode on input line 140.


LaTeX Warning: Command \cyrt invalid in math mode on input line 140.


LaTeX Warning: Command \cyre invalid in math mode on input line 140.


LaTeX Warning: Command \cyrh invalid in math mode on input line 140.

Missing character: There is no ф in font cmr12!
Missing character: There is no и in font cmr12!
Missing character: There is no з in font cmr12!
Missing character: There is no т in font cmr12!
Missing character: There is no е in font cmr12!
Missing character: There is no х in font cmr12!
Missing character: There is no ф in font cmr12!
Missing character: There is no и in font cmr12!
Missing character: There is no з in font cmr12!
Missing character: There is no т in font cmr12!
Missing character: There is no е in font cmr12!
Missing character: There is no х in font cmr12!

LaTeX Warning: Command \cyrf invalid in math mode on input line 141.


LaTeX Warning: Command \cyri invalid in math mode on input line 141.


LaTeX Warning: Command \cyrz invalid in math mode on input line 141.


LaTeX Warning: Command \cyrt invalid in math mode on input line 141.


LaTeX Warning: Command \cyre invalid in math mode on input line 141.


LaTeX Warning: Command \cyrh invalid in math mode on input line 141.


LaTeX Warning: Command \cyrf invalid in math mode on input line 141.


LaTeX Warning: Command \cyri invalid in math mode on input line 141.


LaTeX Warning: Command \cyrz invalid in math mode on input line 141.


LaTeX Warning: Command \cyrt invalid in math mode on input line 141.


LaTeX Warning: Command \cyre invalid in math mode on input line 141.


LaTeX Warning: Command \cyrh invalid in math mode on input line 141.


LaTeX Warning: Command \cyrf invalid in math mode on input line 141.


LaTeX Warning: Command \cyri invalid in math mode on input line 141.


LaTeX Warning: Command \cyrz invalid in math mode on input line 141.


LaTeX Warning: Command \cyrt invalid in math mode on input line 141.


LaTeX Warning: Command \cyre invalid in math mode on input line 141.


LaTeX Warning: Command \cyrh invalid in math mode on input line 141.


LaTeX Warning: Command \cyrf invalid in math mode on input line 141.


LaTeX Warning: Command \cyri invalid in math mode on input line 141.


LaTeX Warning: Command \cyrz invalid in math mode on input line 141.


LaTeX Warning: Command \cyrt invalid in math mode on input line 141.


LaTeX Warning: Command \cyre invalid in math mode on input line 141.


LaTeX Warning: Command \cyrh invalid in math mode on input line 141.


LaTeX Warning: Command \cyrf invalid in math mode on input line 141.


LaTeX Warning: Command \cyri invalid in math mode on input line 141.


LaTeX Warning: Command \cyrz invalid in math mode on input line 141.


LaTeX Warning: Command \cyrt invalid in math mode on input line 141.


LaTeX Warning: Command \cyre invalid in math mode on input line 141.


LaTeX Warning: Command \cyrh invalid in math mode on input line 141.


LaTeX Warning: Command \cyrf invalid in math mode on input line 141.


LaTeX Warning: Command \cyri invalid in math mode on input line 141.


LaTeX Warning: Command \cyrz invalid in math mode on input line 141.


LaTeX Warning: Command \cyrt invalid in math mode on input line 141.


LaTeX Warning: Command \cyre invalid in math mode on input line 141.


LaTeX Warning: Command \cyrh invalid in math mode on input line 141.

Missing character: There is no ф in font cmr12!
Missing character: There is no и in font cmr12!
Missing character: There is no з in font cmr12!
Missing character: There is no т in font cmr12!
Missing character: There is no е in font cmr12!
Missing character: There is no х in font cmr12!
Missing character: There is no ф in font cmr12!
Missing character: There is no и in font cmr12!
Missing character: There is no з in font cmr12!
Missing character: There is no т in font cmr12!
Missing character: There is no е in font cmr12!
Missing character: There is no х in font cmr12!
Missing character: There is no ф in font cmr12!
Missing character: There is no и in font cmr12!
Missing character: There is no з in font cmr12!
Missing character: There is no т in font cmr12!
Missing character: There is no е in font cmr12!
Missing character: There is no х in font cmr12!
Missing character: There is no ф in font cmr12!
Missing character: There is no и in font cmr12!
Missing character: There is no з in font cmr12!
Missing character: There is no т in font cmr12!
Missing character: There is no е in font cmr12!
Missing character: There is no х in font cmr12!
Missing character: There is no ф in font cmr12!
Missing character: There is no и in font cmr12!
Missing character: There is no з in font cmr12!
Missing character: There is no т in font cmr12!
Missing character: There is no е in font cmr12!
Missing character: There is no х in font cmr12!
Missing character: There is no ф in font cmr12!
Missing character: There is no и in font cmr12!
Missing character: There is no з in font cmr12!
Missing character: There is no т in font cmr12!
Missing character: There is no е in font cmr12!
Missing character: There is no х in font cmr12!

Overfull \hbox (60.66325pt too wide) detected at line 141
\OT1/cmr/m/n/12 (\OMS/cmsy/m/n/12 8\OML/cmm/m/it/12 " > \OT1/cmr/m/n/12 0)(\OMS
/cmsy/m/n/12 9\OML/cmm/m/it/12 :K \OMS/cmsy/m/n/12 2 \U/msb/m/n/12 N\OT1/cmr/m/
n/12 )(\OMS/cmsy/m/n/12 8\OML/cmm/m/it/12 :k > K\OT1/cmr/m/n/12 ) \OML/cmm/m/it
/12 :sqrt\OT1/cmr/m/n/12 [\OML/cmm/m/it/12 n\OT1/cmr/m/n/12 ][] \OML/cmm/m/it/1
2 > p \OMS/cmsy/m/n/12 ^^@ \OML/cmm/m/it/12 " \OT1/cmr/m/n/12 = \OML/cmm/m/it/1
2 q > \OT1/cmr/m/n/12 1 \OMS/cmsy/m/n/12 ) \OML/cmm/m/it/12 :a[] > q[] \OMS/cms
y/m/n/12 ! []\OML/cmm/m/it/12 ; :k \OMS/cmsy/m/n/12 ! []\OML/cmm/m/it/12 ; :lim
[]a[] \OMS/cmsy/m/n/12 6\OT1/cmr/m/n/12 = 0
 []


LaTeX Warning: Reference `12_th5' on page 5 undefined on input line 145.


LaTeX Warning: Reference `12_th6' on page 5 undefined on input line 145.


Overfull \hbox (6.94798pt too wide) in paragraph at lines 145--146
[]\T2A/cmr/bx/n/12 Замечание. []\T2A/cmr/m/n/12 Тео-ре-мы физтех.([]) физ-тех.и
 физтех.([]) физ-тех.иногда физ-тех.записывают
 []


Overfull \hbox (2.66681pt too wide) in paragraph at lines 145--146
\T2A/cmr/m/n/12 физ-тех.в физ-тех.предельной физ-тех.форме. физ-тех.Отличие физ
-тех.заключается физ-тех.в
 []

[5] (pdfs/phystech_12lecture.aux)
 ***********
LaTeX2e <2025-11-01>
L3 programming layer <2020/03/25>
 ***********


LaTeX Font Warning: Some font shapes were not available, defaults substituted.


LaTeX Warning: There were undefined references.


LaTeX Warning: Label(s) may have changed. Rerun to get cross-references right.


Package rerunfilecheck Warning: File `phystech_12lecture.out' has changed.
(rerunfilecheck)                Rerun to get outlines right
(rerunfilecheck)                or use package `bookmark'.

Package rerunfilecheck Info: Checksums for `phystech_12lecture.out':
(rerunfilecheck)             Before: <no file>
(rerunfilecheck)             After:  242470CDD60BD79C9B3424AD41D56A12;406.
 ) 
Here is how much of TeX's memory you used:
 41684 strings out of 467533
 950530 string characters out of 5423669
 1527785 words of memory out of 5000000
 69691 multiletter control sequences out of 15000+600000
 641792 words of font info for 77 fonts, out of 8000000 for 9000
 1141 hyphenation exceptions out of 8191
 89i,11n,100p,1274b,765s stack positions out of 10000i,1000n,20000p,200000b,200000s

pdfTeX warning (dest): name{intro} has been referenced but does not exist, repl
aced by a fixed one

<c:/texlive/2025/texmf-dist/fonts/type1/public/amsfonts/cm/cmex10.pfb><c:/texli
ve/2025/texmf-dist/fonts/type1/public/amsfonts/cmextra/cmex8.pfb><c:/texlive/20
25/texmf-dist/fonts/type1/public/amsfonts/cm/cmmi12.pfb><c:/texlive/2025/texmf-
dist/fonts/type1/public/amsfonts/cm/cmmi6.pfb><c:/texlive/2025/texmf-dist/fonts
/type1/public/amsfonts/cm/cmmi8.pfb><c:/texlive/2025/texmf-dist/fonts/type1/pub
lic/amsfonts/cm/cmr12.pfb><c:/texlive/2025/texmf-dist/fonts/type1/public/amsfon
ts/cm/cmr6.pfb><c:/texlive/2025/texmf-dist/fonts/type1/public/amsfonts/cm/cmr8.
pfb><c:/texlive/2025/texmf-dist/fonts/type1/public/amsfonts/cm/cmsy10.pfb><c:/t
exlive/2025/texmf-dist/fonts/type1/public/amsfonts/cm/cmsy6.pfb><c:/texlive/202
5/texmf-dist/fonts/type1/public/amsfonts/cm/cmsy8.pfb><c:/texlive/2025/texmf-di
st/fonts/type1/public/amsfonts/symbols/msam10.pfb><c:/texlive/2025/texmf-dist/f
onts/type1/public/amsfonts/symbols/msbm10.pfb><c:/texlive/2025/texmf-dist/fonts
/type1/public/cm-super/sfbx1200.pfb><c:/texlive/2025/texmf-dist/fonts/type1/pub
lic/cm-super/sfbx1440.pfb><c:/texlive/2025/texmf-dist/fonts/type1/public/cm-sup
er/sfbx1728.pfb><c:/texlive/2025/texmf-dist/fonts/type1/public/cm-super/sfrm120
0.pfb><c:/texlive/2025/texmf-dist/fonts/type1/public/cm-super/sfti1200.pfb>
Output written on pdfs/phystech_12lecture.pdf (5 pages, 218598 bytes).
PDF statistics:
 148 PDF objects out of 1000 (max. 8388607)
 113 compressed objects within 2 object streams
 30 named destinations out of 1000 (max. 500000)
 33 words of extra memory for PDF output out of 10000 (max. 10000000)

